﻿<?xml version="1.0" encoding="utf-8"?>
<HelpKI>
  <HelpKINode Title="ActiveFilter attached property" Url="html/e2cb6cb0-2976-f935-816e-43ddaa13421e.htm" />
  <HelpKINode Title="ActiveFilterProperty field" Url="html/11843cee-10fa-092e-c817-58b9484729f1.htm" />
  <HelpKINode Title="ApplyInitialSorting attached property" Url="html/b999f6fa-541e-3b38-fc95-0e544641d941.htm" />
  <HelpKINode Title="ApplyInitialSortingBehavior class">
    <HelpKINode Title="ApplyInitialSortingBehavior Class" Url="html/998367e0-ca85-f048-0327-b3c5dc41aec9.htm" />
    <HelpKINode Title="constructor" Url="html/bbfb0d7c-0464-53d5-b394-765d5833fe4b.htm" />
  </HelpKINode>
  <HelpKINode Title="ApplyInitialSortingBehavior.ApplyInitialSortingBehavior constructor" Url="html/bbfb0d7c-0464-53d5-b394-765d5833fe4b.htm" />
  <HelpKINode Title="ApplyInitialSortingProperty field" Url="html/92a8e41f-0dd0-5cd6-91cd-2e5b1d48d31b.htm" />
  <HelpKINode Title="BeginEditOnCtrlEnterBehavior class">
    <HelpKINode Title="BeginEditOnCtrlEnterBehavior Class" Url="html/db5064cf-03e9-abc2-8646-1c4f46e18dcf.htm" />
    <HelpKINode Title="constructor" Url="html/067e2b53-d51e-0cae-cc7a-bcc0d8a92131.htm" />
  </HelpKINode>
  <HelpKINode Title="BeginEditOnCtrlEnterBehavior.BeginEditOnCtrlEnterBehavior constructor" Url="html/067e2b53-d51e-0cae-cc7a-bcc0d8a92131.htm" />
  <HelpKINode Title="CanSelectAll method" Url="html/d6e898ec-55ef-cadd-b956-0d9ccea4b709.htm" />
  <HelpKINode Title="CheckBoxColumnFilterTemplateKey field" Url="html/e37cc920-2d5c-7c1e-b2da-35ea57478b7e.htm" />
  <HelpKINode Title="Clear method" Url="html/a556e91a-18be-3058-38eb-222cbdb2a49b.htm" />
  <HelpKINode Title="ClearTextBoxOnButtonClickBehavior class">
    <HelpKINode Title="ClearTextBoxOnButtonClickBehavior Class" Url="html/ed07a7cb-985f-34c2-53e2-67c23be02c06.htm" />
    <HelpKINode Title="constructor" Url="html/b1339a43-a8c8-70b0-7876-ec4c209f3f3d.htm" />
    <HelpKINode Title="fields" Url="html/f5dbe093-59b2-3467-c59e-7feb7700ec1a.htm" />
    <HelpKINode Title="properties" Url="html/fa5c1169-afb4-1443-560c-7ee7b226bd2c.htm" />
  </HelpKINode>
  <HelpKINode Title="ClearTextBoxOnButtonClickBehavior.ClearTextBoxOnButtonClickBehavior constructor" Url="html/b1339a43-a8c8-70b0-7876-ec4c209f3f3d.htm" />
  <HelpKINode Title="ClearTextBoxOnButtonClickBehavior.TextBox property" Url="html/afb97760-1682-690c-46b1-4d3d24a0214b.htm" />
  <HelpKINode Title="ClearTextBoxOnButtonClickBehavior.TextBoxProperty field" Url="html/cbe8dc52-d083-ff0b-7609-333cc92f70a6.htm" />
  <HelpKINode Title="Column property" Url="html/7b65252a-4716-771a-00e3-7b45447db517.htm" />
  <HelpKINode Title="ColumnActualWidthChanged event" Url="html/a3106c25-ee4e-b80a-1ee0-b65a9ed56e44.htm" />
  <HelpKINode Title="ColumnDisplayIndexChanged event" Url="html/6a2a488f-b9a9-3b6c-7ce8-1d7a79c101ea.htm" />
  <HelpKINode Title="ColumnHeaderGripperToolTipStyle property" Url="html/7e3c3ae0-f024-64e5-8eb4-ca1215a59398.htm" />
  <HelpKINode Title="ColumnHeaderGripperToolTipStyleKey field" Url="html/e18ba9fd-c551-d37a-0c54-af13cf10312d.htm" />
  <HelpKINode Title="ColumnHeaderGripperToolTipStyleProperty field" Url="html/f4c53f32-e59d-a0f6-1419-1ce568a35cf7.htm" />
  <HelpKINode Title="ColumnHeaderSearchCheckBoxStyleKey field" Url="html/527fafbd-cc14-ff7c-2a23-e60d40108f16.htm" />
  <HelpKINode Title="ColumnHeaderSearchTextBoxClearButtonStyleKey field" Url="html/a2afa69b-863e-e3af-2c96-321b7980b918.htm" />
  <HelpKINode Title="ColumnHeaderSearchTextBoxStyleKey field" Url="html/ba9a2acc-33e9-ca5c-1f18-48cdf6d8b642.htm" />
  <HelpKINode Title="ColumnHeaderTemplateKey field" Url="html/64168e10-f0d1-5e1c-ff02-7034530facbf.htm" />
  <HelpKINode Title="Columns property" Url="html/fd19fcb2-900a-0882-e0d8-a786357cc1d3.htm" />
  <HelpKINode Title="ColumnSortDirectionChanged event" Url="html/1bd3eb11-f61b-fa1b-aea0-2177c026e27e.htm" />
  <HelpKINode Title="ColumnStyles class">
    <HelpKINode Title="ColumnStyles Class" Url="html/e7472edd-c05e-321a-d6e8-80fb088aa7f1.htm" />
    <HelpKINode Title="attached properties" Url="html/5e06b619-4bed-a266-5c1e-4a0160b5e661.htm" />
    <HelpKINode Title="fields" Url="html/c416c2d1-90ff-cac2-04a7-41542183e27d.htm" />
    <HelpKINode Title="methods" Url="html/304cfc8c-a352-713b-7f57-a040012b5164.htm" />
  </HelpKINode>
  <HelpKINode Title="ColumnStyles.DefaultColumnStyles attached property" Url="html/cc71595e-8cb4-59cd-7176-569ef04bc140.htm" />
  <HelpKINode Title="ColumnStyles.DefaultColumnStylesProperty field" Url="html/229dbce6-4b68-ad52-570d-ee902a3c187e.htm" />
  <HelpKINode Title="ColumnStyles.GetDefaultColumnStyles method" Url="html/f80edac8-c7b3-a7ec-3d93-23435ab760fb.htm" />
  <HelpKINode Title="ColumnStyles.SetDefaultColumnStyles method" Url="html/b74d0082-c5f8-edb3-d57c-a2c97387aa6e.htm" />
  <HelpKINode Title="ColumnType property" Url="html/8a95501a-b8bd-2e7e-ace6-47ef821a3969.htm" />
  <HelpKINode Title="ColumnVisibilityChanged event" Url="html/7c89b996-11b0-8ab5-785d-2e788df91d49.htm" />
  <HelpKINode Title="ComboBoxColumnFilterTemplateKey field" Url="html/80153573-4008-c18d-f1c2-ea2dd187ac91.htm" />
  <HelpKINode Title="ContentFilterFactory attached property" Url="html/d6d5bab5-9a83-116f-ecaf-33459da856d4.htm" />
  <HelpKINode Title="ContentFilterFactoryProperty field" Url="html/4246955c-0994-628b-2ef4-03791cde2523.htm" />
  <HelpKINode Title="Create method">
    <HelpKINode Title="IContentFilterFactory.Create Method " Url="html/f0d69050-2628-7849-af92-08787afbf1cc.htm" />
    <HelpKINode Title="RegexContentFilterFactory.Create Method " Url="html/45ab043a-ea0a-f4d7-20f0-478f62972c45.htm" />
    <HelpKINode Title="SimpleContentFilterFactory.Create Method " Url="html/d605ccf6-92f4-923b-5821-4ecd9d15c36c.htm" />
  </HelpKINode>
  <HelpKINode Title="DataGrid property" Url="html/318d12b8-6152-50a0-60ce-3b456a0ab37f.htm" />
  <HelpKINode Title="DataGridColumnStyle class">
    <HelpKINode Title="DataGridColumnStyle Class" Url="html/62ffc8d2-78b6-08b9-1632-ac7f76223eb7.htm" />
    <HelpKINode Title="constructor" Url="html/0c8da416-bf58-2845-c25e-0d94eb3acc88.htm" />
    <HelpKINode Title="fields" Url="html/7f9d2f0a-12af-e450-22eb-7988f7feef37.htm" />
    <HelpKINode Title="properties" Url="html/eb15f0ea-1cc3-82af-d327-0ffcd3ec8d2d.htm" />
  </HelpKINode>
  <HelpKINode Title="DataGridColumnStyle.ColumnType property" Url="html/8a95501a-b8bd-2e7e-ace6-47ef821a3969.htm" />
  <HelpKINode Title="DataGridColumnStyle.DataGridColumnStyle constructor" Url="html/0c8da416-bf58-2845-c25e-0d94eb3acc88.htm" />
  <HelpKINode Title="DataGridColumnStyle.EditingElementStyle property" Url="html/222bd79e-6841-989c-419c-a8d287f0fdd6.htm" />
  <HelpKINode Title="DataGridColumnStyle.EditingElementStyleProperty field" Url="html/c25bff62-e716-779e-7dc8-fe819a20c376.htm" />
  <HelpKINode Title="DataGridColumnStyle.ElementStyle property" Url="html/8542558d-fd48-8142-b0aa-4e66f94c9cf7.htm" />
  <HelpKINode Title="DataGridColumnStyle.ElementStyleProperty field" Url="html/0aae7462-d8d0-0b26-4c73-d3c6e9e3c6e2.htm" />
  <HelpKINode Title="DataGridColumnStyleCollection class">
    <HelpKINode Title="DataGridColumnStyleCollection Class" Url="html/980a686f-884a-c495-0566-bfd9f0854719.htm" />
    <HelpKINode Title="constructor" Url="html/76ba6ffa-fe45-aaeb-8512-847cb78bd438.htm" />
  </HelpKINode>
  <HelpKINode Title="DataGridColumnStyleCollection.DataGridColumnStyleCollection constructor" Url="html/76ba6ffa-fe45-aaeb-8512-847cb78bd438.htm" />
  <HelpKINode Title="DataGridExtensions namespace" Url="html/5049f02f-0515-9f53-1245-801b61a5c286.htm" />
  <HelpKINode Title="DataGridExtensions.Behaviors namespace" Url="html/1bd337c0-1e3a-e5af-76c4-b33120ad52ec.htm" />
  <HelpKINode Title="DataGridExtensions.Behaviors.ApplyInitialSortingBehavior class" Url="html/998367e0-ca85-f048-0327-b3c5dc41aec9.htm" />
  <HelpKINode Title="DataGridExtensions.Behaviors.BeginEditOnCtrlEnterBehavior class" Url="html/db5064cf-03e9-abc2-8646-1c4f46e18dcf.htm" />
  <HelpKINode Title="DataGridExtensions.Behaviors.ClearTextBoxOnButtonClickBehavior class" Url="html/ed07a7cb-985f-34c2-53e2-67c23be02c06.htm" />
  <HelpKINode Title="DataGridExtensions.Behaviors.DisableTargetWhileEditingBehavior class" Url="html/88cf7ccc-9cc1-b6a9-78ac-2542039e5a8b.htm" />
  <HelpKINode Title="DataGridExtensions.Behaviors.ExtendedStarSizeBehavior class" Url="html/c17227b8-b8cc-de61-8bb3-517276989a40.htm" />
  <HelpKINode Title="DataGridExtensions.ColumnStyles class" Url="html/e7472edd-c05e-321a-d6e8-80fb088aa7f1.htm" />
  <HelpKINode Title="DataGridExtensions.DataGridColumnStyle class" Url="html/62ffc8d2-78b6-08b9-1632-ac7f76223eb7.htm" />
  <HelpKINode Title="DataGridExtensions.DataGridColumnStyleCollection class" Url="html/980a686f-884a-c495-0566-bfd9f0854719.htm" />
  <HelpKINode Title="DataGridExtensions.DataGridFilter class" Url="html/b4d076b6-863c-0c1c-c72e-c53467111da3.htm" />
  <HelpKINode Title="DataGridExtensions.DataGridFilterColumn class" Url="html/57bf7338-648a-d577-7401-253ef947a595.htm" />
  <HelpKINode Title="DataGridExtensions.DataGridFilterColumnControl class" Url="html/98c600b0-3eb7-d2dc-2466-ae2167c0a00d.htm" />
  <HelpKINode Title="DataGridExtensions.DataGridFilterHost class" Url="html/19edba34-1474-093f-7c2f-bd12b3a4bdaa.htm" />
  <HelpKINode Title="DataGridExtensions.DataGridFilteringEventArgs class" Url="html/3364b130-356e-b7f7-95f3-7049179244bf.htm" />
  <HelpKINode Title="DataGridExtensions.ExtensionMethods class" Url="html/73f80354-26e1-52de-bfac-6db55534b1ac.htm" />
  <HelpKINode Title="DataGridExtensions.IContentFilter interface" Url="html/7b769760-8a08-cfa2-f077-a77ac3565dcb.htm" />
  <HelpKINode Title="DataGridExtensions.IContentFilterFactory interface" Url="html/c20b07aa-5324-22c3-18b8-3a04323c8f57.htm" />
  <HelpKINode Title="DataGridExtensions.IDataGridEventsProvider interface" Url="html/8bd0fdcc-1bbd-d4ad-e88d-568b2f033626.htm" />
  <HelpKINode Title="DataGridExtensions.IResourceLocator interface" Url="html/9cc35121-338c-959a-4e77-e337704fabe4.htm" />
  <HelpKINode Title="DataGridExtensions.MultipleChoiceContentFilter class" Url="html/614ede0c-cdc6-576d-0332-f6d473baff44.htm" />
  <HelpKINode Title="DataGridExtensions.MultipleChoiceFilter class" Url="html/7482dac9-ebcc-6415-2a1c-1fa772dc7d50.htm" />
  <HelpKINode Title="DataGridExtensions.RegexContentFilter class" Url="html/d817b3a5-93fc-fc26-7335-746e2adba7d8.htm" />
  <HelpKINode Title="DataGridExtensions.RegexContentFilterFactory class" Url="html/5aabb85a-4d59-3cb8-d82f-a07bedc1eb6b.htm" />
  <HelpKINode Title="DataGridExtensions.SimpleContentFilter class" Url="html/957f7e42-521f-15a7-eec3-73717ae81cd9.htm" />
  <HelpKINode Title="DataGridExtensions.SimpleContentFilterFactory class" Url="html/247836b4-6684-cfc8-d23c-b79799dd6239.htm" />
  <HelpKINode Title="DataGridExtensions.Tools class" Url="html/90f8ff5d-5eac-1e58-6898-43a71ad12c82.htm" />
  <HelpKINode Title="DataGridFilter class">
    <HelpKINode Title="DataGridFilter Class" Url="html/b4d076b6-863c-0c1c-c72e-c53467111da3.htm" />
    <HelpKINode Title="attached properties" Url="html/eb1cf3ca-b3fb-e9bf-8044-2375f478d596.htm" />
    <HelpKINode Title="fields" Url="html/f09e7afd-a475-52ad-aa43-0bb6a9077f76.htm" />
    <HelpKINode Title="methods" Url="html/e013db0f-3874-6ad6-3501-ce9e5d530edd.htm" />
  </HelpKINode>
  <HelpKINode Title="DataGridFilter.CheckBoxColumnFilterTemplateKey field" Url="html/e37cc920-2d5c-7c1e-b2da-35ea57478b7e.htm" />
  <HelpKINode Title="DataGridFilter.ColumnHeaderSearchCheckBoxStyleKey field" Url="html/527fafbd-cc14-ff7c-2a23-e60d40108f16.htm" />
  <HelpKINode Title="DataGridFilter.ColumnHeaderSearchTextBoxClearButtonStyleKey field" Url="html/a2afa69b-863e-e3af-2c96-321b7980b918.htm" />
  <HelpKINode Title="DataGridFilter.ColumnHeaderSearchTextBoxStyleKey field" Url="html/ba9a2acc-33e9-ca5c-1f18-48cdf6d8b642.htm" />
  <HelpKINode Title="DataGridFilter.ColumnHeaderTemplateKey field" Url="html/64168e10-f0d1-5e1c-ff02-7034530facbf.htm" />
  <HelpKINode Title="DataGridFilter.ComboBoxColumnFilterTemplateKey field" Url="html/80153573-4008-c18d-f1c2-ea2dd187ac91.htm" />
  <HelpKINode Title="DataGridFilter.ContentFilterFactory attached property" Url="html/d6d5bab5-9a83-116f-ecaf-33459da856d4.htm" />
  <HelpKINode Title="DataGridFilter.ContentFilterFactoryProperty field" Url="html/4246955c-0994-628b-2ef4-03791cde2523.htm" />
  <HelpKINode Title="DataGridFilter.FilterEvaluationDelay attached property" Url="html/c955c071-52be-e310-b0b7-5a9043e4dd3c.htm" />
  <HelpKINode Title="DataGridFilter.FilterEvaluationDelayProperty field" Url="html/c824447e-75cd-3996-f2b3-8ab0e6187f69.htm" />
  <HelpKINode Title="DataGridFilter.GetContentFilterFactory method" Url="html/e2018725-c07b-f5aa-1656-8296825167f8.htm" />
  <HelpKINode Title="DataGridFilter.GetFilter method" Url="html/d4b0b40f-2e77-7159-7e82-6c4384086d3f.htm" />
  <HelpKINode Title="DataGridFilter.GetFilterEvaluationDelay method" Url="html/01ca3407-8592-6dc7-a39a-fe066cd0b596.htm" />
  <HelpKINode Title="DataGridFilter.GetGlobalFilter method" Url="html/928b9fef-074f-496a-cd4f-82c1793feecd.htm" />
  <HelpKINode Title="DataGridFilter.GetIsAutoFilterEnabled method" Url="html/bc24b420-28f0-9a5c-ccf9-601329e57a94.htm" />
  <HelpKINode Title="DataGridFilter.GetResourceLocator method" Url="html/5cc36221-6dfc-32c4-a565-7a31acab8b2e.htm" />
  <HelpKINode Title="DataGridFilter.GlobalFilter attached property" Url="html/9f7ce4ba-c043-e221-a643-df623bea55d5.htm" />
  <HelpKINode Title="DataGridFilter.GlobalFilterProperty field" Url="html/9d34b670-d87e-6803-0054-d6624a9b3194.htm" />
  <HelpKINode Title="DataGridFilter.IconStyleKey field" Url="html/8e71cb1f-dc75-107f-fb4c-8069953c11c8.htm" />
  <HelpKINode Title="DataGridFilter.IconTemplateKey field" Url="html/3b79322d-3840-a9b7-676c-0f36ce9136f5.htm" />
  <HelpKINode Title="DataGridFilter.IsAutoFilterEnabled attached property" Url="html/861fdd3c-cf70-a2b7-6e00-7bf278324898.htm" />
  <HelpKINode Title="DataGridFilter.IsAutoFilterEnabledProperty field" Url="html/cd8e4316-5511-f112-59d4-f95e0d2d9c65.htm" />
  <HelpKINode Title="DataGridFilter.ResourceLocator attached property" Url="html/f8369675-7855-999e-7c50-16f1c07571c8.htm" />
  <HelpKINode Title="DataGridFilter.ResourceLocatorProperty field" Url="html/6ef28b1f-aae9-a9c7-6f79-59e4dcc012f3.htm" />
  <HelpKINode Title="DataGridFilter.SetContentFilterFactory method" Url="html/207c2569-cce2-76c0-fe66-f16acc22c60b.htm" />
  <HelpKINode Title="DataGridFilter.SetFilterEvaluationDelay method" Url="html/f1ac0794-81b8-d925-51bf-14ae4e2269a6.htm" />
  <HelpKINode Title="DataGridFilter.SetGlobalFilter method" Url="html/6cd8f155-e19b-c9c3-2712-3719ee480667.htm" />
  <HelpKINode Title="DataGridFilter.SetIsAutoFilterEnabled method" Url="html/4ecb5e81-b4b2-90fa-eedd-fc9c4e74e59c.htm" />
  <HelpKINode Title="DataGridFilter.SetResourceLocator method" Url="html/1e87e5de-437f-82ee-cbc4-06245369565b.htm" />
  <HelpKINode Title="DataGridFilter.TemplateColumnFilterTemplateKey field" Url="html/a51a3198-7d56-fc5d-c8e8-01ab820d355c.htm" />
  <HelpKINode Title="DataGridFilter.TextColumnFilterTemplateKey field" Url="html/09bf1b9e-92dd-39e3-1d52-14b0fdaa3c3b.htm" />
  <HelpKINode Title="DataGridFilterColumn class">
    <HelpKINode Title="DataGridFilterColumn Class" Url="html/57bf7338-648a-d577-7401-253ef947a595.htm" />
    <HelpKINode Title="attached properties" Url="html/3b6f3bb2-0a78-ad01-4e78-bcb936ac1e95.htm" />
    <HelpKINode Title="fields" Url="html/46345567-3302-a8a2-4ee3-93bcd56f13a7.htm" />
    <HelpKINode Title="methods" Url="html/cc6f7672-4a80-3efd-d9cb-242e0b7d5cb3.htm" />
  </HelpKINode>
  <HelpKINode Title="DataGridFilterColumn.ActiveFilter attached property" Url="html/e2cb6cb0-2976-f935-816e-43ddaa13421e.htm" />
  <HelpKINode Title="DataGridFilterColumn.ActiveFilterProperty field" Url="html/11843cee-10fa-092e-c817-58b9484729f1.htm" />
  <HelpKINode Title="DataGridFilterColumn.Filter attached property" Url="html/e4640362-5da4-92e5-07ea-a7654ab39a07.htm" />
  <HelpKINode Title="DataGridFilterColumn.FilterHost attached property" Url="html/17db3e79-99e4-5b52-cc61-26541c20ba81.htm" />
  <HelpKINode Title="DataGridFilterColumn.FilterHostProperty field" Url="html/e609b882-5a1b-84e9-3467-1f18c888c8ae.htm" />
  <HelpKINode Title="DataGridFilterColumn.FilterProperty field" Url="html/454d55c6-4cbd-0e32-0377-251ea80fbc9c.htm" />
  <HelpKINode Title="DataGridFilterColumn.GetActiveFilter method" Url="html/829640c4-7c10-3a1b-55c1-b89cc8715017.htm" />
  <HelpKINode Title="DataGridFilterColumn.GetFilter method" Url="html/1bdea481-13b3-7ab8-aebe-5f7452dbd232.htm" />
  <HelpKINode Title="DataGridFilterColumn.GetFilterHost method" Url="html/5b9662ed-124c-9c81-ffaf-9cc4c25db850.htm" />
  <HelpKINode Title="DataGridFilterColumn.GetIsFilterVisible method" Url="html/d018745f-7a02-cf1c-1f04-7b17c388389a.htm" />
  <HelpKINode Title="DataGridFilterColumn.GetTemplate method" Url="html/09af8baa-f4e2-64e0-0af9-6f126ce4b74b.htm" />
  <HelpKINode Title="DataGridFilterColumn.IsFilterVisible attached property" Url="html/79a9e7d2-d990-5dfa-c8c0-c726052b99e7.htm" />
  <HelpKINode Title="DataGridFilterColumn.IsFilterVisibleProperty field" Url="html/b46e3a9f-932c-34ce-c27b-49fafc8768c5.htm" />
  <HelpKINode Title="DataGridFilterColumn.SetActiveFilter method" Url="html/b7bc7869-b5c5-304b-1d81-6af1c9fc862e.htm" />
  <HelpKINode Title="DataGridFilterColumn.SetFilter method" Url="html/6eede526-83c6-5228-ce24-afd98dcb7ab1.htm" />
  <HelpKINode Title="DataGridFilterColumn.SetFilterHost method" Url="html/f2dc635c-a215-ec60-7184-70ea13ed84e9.htm" />
  <HelpKINode Title="DataGridFilterColumn.SetIsFilterVisible method" Url="html/db50d7f3-e2b3-f82d-d46f-46e43f29e6c2.htm" />
  <HelpKINode Title="DataGridFilterColumn.SetTemplate method" Url="html/b113246f-a783-f368-6045-afbab73e7b33.htm" />
  <HelpKINode Title="DataGridFilterColumn.Template attached property" Url="html/54efeb2c-f6b2-2d70-cf8d-96d843b00578.htm" />
  <HelpKINode Title="DataGridFilterColumn.TemplateProperty field" Url="html/a08e0556-6b22-cc3b-c24d-acdd0b7606ec.htm" />
  <HelpKINode Title="DataGridFilterColumnControl class">
    <HelpKINode Title="DataGridFilterColumnControl Class" Url="html/98c600b0-3eb7-d2dc-2466-ae2167c0a00d.htm" />
    <HelpKINode Title="constructor" Url="html/53fe5c1e-99ae-dffe-2bbb-63a76012109d.htm" />
    <HelpKINode Title="events" Url="html/f2ab9824-8034-0fc2-d83c-61b9e389efed.htm" />
    <HelpKINode Title="fields" Url="html/b9253a97-17bc-5ebb-c15f-ab1849ca9103.htm" />
    <HelpKINode Title="properties" Url="html/48dd60d0-e172-f531-c5f8-de36b4b7bd80.htm" />
  </HelpKINode>
  <HelpKINode Title="DataGridFilterColumnControl.Column property" Url="html/7b65252a-4716-771a-00e3-7b45447db517.htm" />
  <HelpKINode Title="DataGridFilterColumnControl.DataGridFilterColumnControl constructor" Url="html/53fe5c1e-99ae-dffe-2bbb-63a76012109d.htm" />
  <HelpKINode Title="DataGridFilterColumnControl.Filter property" Url="html/adf909a0-ab5b-43be-3e15-7518b3960e6c.htm" />
  <HelpKINode Title="DataGridFilterColumnControl.FilterProperty field" Url="html/f11898e8-5ac6-2f90-29be-6889298daa78.htm" />
  <HelpKINode Title="DataGridFilterColumnControl.IsFiltered property" Url="html/3611ad31-f427-cc5f-2b16-603b74958a76.htm" />
  <HelpKINode Title="DataGridFilterColumnControl.PropertyChanged event" Url="html/966b99ac-ea77-6dcc-ddb6-2eae10ce76f4.htm" />
  <HelpKINode Title="DataGridFilterColumnControl.SelectableValues property" Url="html/129bdf8f-7a74-b4da-346e-76bd014d8a9a.htm" />
  <HelpKINode Title="DataGridFilterColumnControl.SourceValues property" Url="html/6a6c1487-eb48-c03f-9411-a5b6b78d5484.htm" />
  <HelpKINode Title="DataGridFilterColumnControl.Values property" Url="html/9323208c-c91d-ef54-7381-ce9758128ca0.htm" />
  <HelpKINode Title="DataGridFilterHost class">
    <HelpKINode Title="DataGridFilterHost Class" Url="html/19edba34-1474-093f-7c2f-bd12b3a4bdaa.htm" />
    <HelpKINode Title="events" Url="html/f9237ce3-b01e-9ab8-8c28-c03172d5a929.htm" />
    <HelpKINode Title="methods" Url="html/5ce47c96-9d36-d4c5-1018-33505d2b33a2.htm" />
    <HelpKINode Title="properties" Url="html/080ed406-6665-00ff-d244-afb44e028a46.htm" />
  </HelpKINode>
  <HelpKINode Title="DataGridFilterHost.Clear method" Url="html/a556e91a-18be-3058-38eb-222cbdb2a49b.htm" />
  <HelpKINode Title="DataGridFilterHost.DataGrid property" Url="html/318d12b8-6152-50a0-60ce-3b456a0ab37f.htm" />
  <HelpKINode Title="DataGridFilterHost.FilterChanged event" Url="html/f266ba89-501d-2df7-d414-8858232758d3.htm" />
  <HelpKINode Title="DataGridFilterHost.FilterColumnControls property" Url="html/7e81693e-5db6-6622-a1a6-2f4a2580d6f0.htm" />
  <HelpKINode Title="DataGridFilterHost.Filtering event" Url="html/67753f3b-2d09-ed24-99e3-9eba6d093aa2.htm" />
  <HelpKINode Title="DataGridFilteringEventArgs class">
    <HelpKINode Title="DataGridFilteringEventArgs Class" Url="html/3364b130-356e-b7f7-95f3-7049179244bf.htm" />
    <HelpKINode Title="constructor" Url="html/76650710-d800-8ed5-ff1b-15bf8ee49d4f.htm" />
    <HelpKINode Title="properties" Url="html/12ea7ab5-be06-d525-4ae3-8b074244932e.htm" />
  </HelpKINode>
  <HelpKINode Title="DataGridFilteringEventArgs.Columns property" Url="html/fd19fcb2-900a-0882-e0d8-a786357cc1d3.htm" />
  <HelpKINode Title="DataGridFilteringEventArgs.DataGridFilteringEventArgs constructor" Url="html/76650710-d800-8ed5-ff1b-15bf8ee49d4f.htm" />
  <HelpKINode Title="Default field">
    <HelpKINode Title="RegexContentFilterFactory.Default Field" Url="html/7fb7cb0c-3ff3-0d77-efe4-85fbd055359b.htm" />
    <HelpKINode Title="SimpleContentFilterFactory.Default Field" Url="html/09cf852f-627c-120c-e989-88312f537fe8.htm" />
  </HelpKINode>
  <HelpKINode Title="DefaultColumnStyles attached property" Url="html/cc71595e-8cb4-59cd-7176-569ef04bc140.htm" />
  <HelpKINode Title="DefaultColumnStylesProperty field" Url="html/229dbce6-4b68-ad52-570d-ee902a3c187e.htm" />
  <HelpKINode Title="DisableTargetWhileEditingBehavior class">
    <HelpKINode Title="DisableTargetWhileEditingBehavior Class" Url="html/88cf7ccc-9cc1-b6a9-78ac-2542039e5a8b.htm" />
    <HelpKINode Title="constructor" Url="html/f31cfd92-790f-f495-14ac-9ede291b4398.htm" />
    <HelpKINode Title="fields" Url="html/7df59490-daf1-9050-b42e-d685a91061cc.htm" />
    <HelpKINode Title="properties" Url="html/58379b40-06df-0015-ed8d-f216ffda9cc9.htm" />
  </HelpKINode>
  <HelpKINode Title="DisableTargetWhileEditingBehavior.DisableTargetWhileEditingBehavior constructor" Url="html/f31cfd92-790f-f495-14ac-9ede291b4398.htm" />
  <HelpKINode Title="DisableTargetWhileEditingBehavior.Target property" Url="html/a3e0b400-dba4-20c6-a0d6-cb4d96bfcc4b.htm" />
  <HelpKINode Title="DisableTargetWhileEditingBehavior.TargetProperty field" Url="html/44402ac1-b726-6935-ab8d-7cd4532b97bb.htm" />
  <HelpKINode Title="EditingElementStyle property" Url="html/222bd79e-6841-989c-419c-a8d287f0fdd6.htm" />
  <HelpKINode Title="EditingElementStyleProperty field" Url="html/c25bff62-e716-779e-7dc8-fe819a20c376.htm" />
  <HelpKINode Title="ElementStyle property" Url="html/8542558d-fd48-8142-b0aa-4e66f94c9cf7.htm" />
  <HelpKINode Title="ElementStyleProperty field" Url="html/0aae7462-d8d0-0b26-4c73-d3c6e9e3c6e2.htm" />
  <HelpKINode Title="EnableMultilineEditing method" Url="html/0512243c-3643-7be9-35d2-ee75d46bebe0.htm" />
  <HelpKINode Title="ExtendedStarSizeBehavior class">
    <HelpKINode Title="ExtendedStarSizeBehavior Class" Url="html/c17227b8-b8cc-de61-8bb3-517276989a40.htm" />
    <HelpKINode Title="constructor" Url="html/600d93eb-3580-eec1-44b8-254560d9a77c.htm" />
    <HelpKINode Title="fields" Url="html/503658b5-f8a8-31c3-c99d-9c2488b71e52.htm" />
    <HelpKINode Title="properties" Url="html/72fa8833-6118-8808-bf6d-00e426173d3b.htm" />
  </HelpKINode>
  <HelpKINode Title="ExtendedStarSizeBehavior.ColumnHeaderGripperToolTipStyle property" Url="html/7e3c3ae0-f024-64e5-8eb4-ca1215a59398.htm" />
  <HelpKINode Title="ExtendedStarSizeBehavior.ColumnHeaderGripperToolTipStyleKey field" Url="html/e18ba9fd-c551-d37a-0c54-af13cf10312d.htm" />
  <HelpKINode Title="ExtendedStarSizeBehavior.ColumnHeaderGripperToolTipStyleProperty field" Url="html/f4c53f32-e59d-a0f6-1419-1ce568a35cf7.htm" />
  <HelpKINode Title="ExtendedStarSizeBehavior.ExtendedStarSizeBehavior constructor" Url="html/600d93eb-3580-eec1-44b8-254560d9a77c.htm" />
  <HelpKINode Title="ExtendedStarSizeBehavior.ResourceLocator property" Url="html/750ca8fb-abbf-ab18-66e5-67c61e941120.htm" />
  <HelpKINode Title="ExtendedStarSizeBehavior.ResourceLocatorProperty field" Url="html/8c58de49-6239-5393-0b21-9042bb30422a.htm" />
  <HelpKINode Title="ExtensionMethods class">
    <HelpKINode Title="ExtensionMethods Class" Url="html/73f80354-26e1-52de-bfac-6db55534b1ac.htm" />
    <HelpKINode Title="methods" Url="html/30a4c915-8b41-537f-a724-69e5f405af57.htm" />
  </HelpKINode>
  <HelpKINode Title="ExtensionMethods.CanSelectAll method" Url="html/d6e898ec-55ef-cadd-b956-0d9ccea4b709.htm" />
  <HelpKINode Title="ExtensionMethods.EnableMultilineEditing method" Url="html/0512243c-3643-7be9-35d2-ee75d46bebe0.htm" />
  <HelpKINode Title="ExtensionMethods.GetCellSelection method" Url="html/fdb17b69-56b8-8fff-93f3-4c3feb0e6c13.htm" />
  <HelpKINode Title="ExtensionMethods.GetVisibleSelectedCells method" Url="html/d426d17a-344e-390b-82a6-f224c5ec863e.htm" />
  <HelpKINode Title="ExtensionMethods.HasRectangularCellSelection method" Url="html/a7bd76e7-a978-9408-3d10-28394efac55e.htm" />
  <HelpKINode Title="ExtensionMethods.PasteCells method" Url="html/e2768b39-9545-3388-7f28-89c699b8445c.htm" />
  <HelpKINode Title="Filter attached property" Url="html/e4640362-5da4-92e5-07ea-a7654ab39a07.htm" />
  <HelpKINode Title="Filter property">
    <HelpKINode Title="DataGridFilterColumnControl.Filter Property " Url="html/adf909a0-ab5b-43be-3e15-7518b3960e6c.htm" />
    <HelpKINode Title="MultipleChoiceFilter.Filter Property " Url="html/9abf5d88-0825-d6ac-68de-c749309a4f03.htm" />
  </HelpKINode>
  <HelpKINode Title="FilterChanged event" Url="html/f266ba89-501d-2df7-d414-8858232758d3.htm" />
  <HelpKINode Title="FilterColumnControls property" Url="html/7e81693e-5db6-6622-a1a6-2f4a2580d6f0.htm" />
  <HelpKINode Title="FilterEvaluationDelay attached property" Url="html/c955c071-52be-e310-b0b7-5a9043e4dd3c.htm" />
  <HelpKINode Title="FilterEvaluationDelayProperty field" Url="html/c824447e-75cd-3996-f2b3-8ab0e6187f69.htm" />
  <HelpKINode Title="FilterHost attached property" Url="html/17db3e79-99e4-5b52-cc61-26541c20ba81.htm" />
  <HelpKINode Title="FilterHostProperty field" Url="html/e609b882-5a1b-84e9-3467-1f18c888c8ae.htm" />
  <HelpKINode Title="Filtering event" Url="html/67753f3b-2d09-ed24-99e3-9eba6d093aa2.htm" />
  <HelpKINode Title="FilterProperty field">
    <HelpKINode Title="DataGridFilterColumn.FilterProperty Field" Url="html/454d55c6-4cbd-0e32-0377-251ea80fbc9c.htm" />
    <HelpKINode Title="DataGridFilterColumnControl.FilterProperty Field" Url="html/f11898e8-5ac6-2f90-29be-6889298daa78.htm" />
    <HelpKINode Title="MultipleChoiceFilter.FilterProperty Field" Url="html/82b9d08f-a559-1d8d-5a4f-3d97213cc09e.htm" />
  </HelpKINode>
  <HelpKINode Title="FindResource method" Url="html/0941c6be-d571-956c-7d60-0a0c2a4f9b9a.htm" />
  <HelpKINode Title="ForceCommitOnLostFocus attached property" Url="html/0b8f8c2a-023f-77ac-897c-8c77cdf25ba9.htm" />
  <HelpKINode Title="ForceCommitOnLostFocusProperty field" Url="html/fc968150-c818-548d-81f7-3de08b3e52b0.htm" />
  <HelpKINode Title="GetActiveFilter method" Url="html/829640c4-7c10-3a1b-55c1-b89cc8715017.htm" />
  <HelpKINode Title="GetAdditionalEvents method" Url="html/0ede623c-0ef5-3d11-dbaf-bff1fd8e8d25.htm" />
  <HelpKINode Title="GetApplyInitialSorting method" Url="html/3ed3502d-1615-f795-49ca-b1055d4a92cb.htm" />
  <HelpKINode Title="GetCellSelection method" Url="html/fdb17b69-56b8-8fff-93f3-4c3feb0e6c13.htm" />
  <HelpKINode Title="GetContentFilterFactory method" Url="html/e2018725-c07b-f5aa-1656-8296825167f8.htm" />
  <HelpKINode Title="GetDefaultColumnStyles method" Url="html/f80edac8-c7b3-a7ec-3d93-23435ab760fb.htm" />
  <HelpKINode Title="GetFilter method">
    <HelpKINode Title="DataGridFilter.GetFilter Method " Url="html/d4b0b40f-2e77-7159-7e82-6c4384086d3f.htm" />
    <HelpKINode Title="DataGridFilterColumn.GetFilter Method " Url="html/1bdea481-13b3-7ab8-aebe-5f7452dbd232.htm" />
  </HelpKINode>
  <HelpKINode Title="GetFilterEvaluationDelay method" Url="html/01ca3407-8592-6dc7-a39a-fe066cd0b596.htm" />
  <HelpKINode Title="GetFilterHost method" Url="html/5b9662ed-124c-9c81-ffaf-9cc4c25db850.htm" />
  <HelpKINode Title="GetForceCommitOnLostFocus method" Url="html/4731ecee-fb8d-1d19-2f77-168992f284b2.htm" />
  <HelpKINode Title="GetGlobalFilter method" Url="html/928b9fef-074f-496a-cd4f-82c1793feecd.htm" />
  <HelpKINode Title="GetIsAutoFilterEnabled method" Url="html/bc24b420-28f0-9a5c-ccf9-601329e57a94.htm" />
  <HelpKINode Title="GetIsFilterVisible method" Url="html/d018745f-7a02-cf1c-1f04-7b17c388389a.htm" />
  <HelpKINode Title="GetIsMultilineEditingEnabled method" Url="html/fdf5fb5a-3733-b2b1-7d9c-2426b00510e2.htm" />
  <HelpKINode Title="GetResourceLocator method" Url="html/5cc36221-6dfc-32c4-a565-7a31acab8b2e.htm" />
  <HelpKINode Title="GetTemplate method" Url="html/09af8baa-f4e2-64e0-0af9-6f126ce4b74b.htm" />
  <HelpKINode Title="GetVisibleSelectedCells method" Url="html/d426d17a-344e-390b-82a6-f224c5ec863e.htm" />
  <HelpKINode Title="GlobalFilter attached property" Url="html/9f7ce4ba-c043-e221-a643-df623bea55d5.htm" />
  <HelpKINode Title="GlobalFilterProperty field" Url="html/9d34b670-d87e-6803-0054-d6624a9b3194.htm" />
  <HelpKINode Title="HasRectangularCellSelection method" Url="html/a7bd76e7-a978-9408-3d10-28394efac55e.htm" />
  <HelpKINode Title="IconStyleKey field" Url="html/8e71cb1f-dc75-107f-fb4c-8069953c11c8.htm" />
  <HelpKINode Title="IconTemplateKey field" Url="html/3b79322d-3840-a9b7-676c-0f36ce9136f5.htm" />
  <HelpKINode Title="IContentFilter interface">
    <HelpKINode Title="IContentFilter Interface" Url="html/7b769760-8a08-cfa2-f077-a77ac3565dcb.htm" />
    <HelpKINode Title="methods" Url="html/0ad190ed-7519-b5b1-716c-464f4ffc79a0.htm" />
  </HelpKINode>
  <HelpKINode Title="IContentFilter.IsMatch method" Url="html/9a0bd5a9-f9c1-c61f-3fc7-b8cd30baaec8.htm" />
  <HelpKINode Title="IContentFilterFactory interface">
    <HelpKINode Title="IContentFilterFactory Interface" Url="html/c20b07aa-5324-22c3-18b8-3a04323c8f57.htm" />
    <HelpKINode Title="methods" Url="html/65789a04-aa4f-40a4-dd58-2fc2b06012cb.htm" />
  </HelpKINode>
  <HelpKINode Title="IContentFilterFactory.Create method" Url="html/f0d69050-2628-7849-af92-08787afbf1cc.htm" />
  <HelpKINode Title="IDataGridEventsProvider interface">
    <HelpKINode Title="IDataGridEventsProvider Interface" Url="html/8bd0fdcc-1bbd-d4ad-e88d-568b2f033626.htm" />
    <HelpKINode Title="events" Url="html/e018fe0b-126b-d64d-f470-f3965cb65b22.htm" />
  </HelpKINode>
  <HelpKINode Title="IDataGridEventsProvider.ColumnActualWidthChanged event" Url="html/a3106c25-ee4e-b80a-1ee0-b65a9ed56e44.htm" />
  <HelpKINode Title="IDataGridEventsProvider.ColumnDisplayIndexChanged event" Url="html/6a2a488f-b9a9-3b6c-7ce8-1d7a79c101ea.htm" />
  <HelpKINode Title="IDataGridEventsProvider.ColumnSortDirectionChanged event" Url="html/1bd3eb11-f61b-fa1b-aea0-2177c026e27e.htm" />
  <HelpKINode Title="IDataGridEventsProvider.ColumnVisibilityChanged event" Url="html/7c89b996-11b0-8ab5-785d-2e788df91d49.htm" />
  <HelpKINode Title="IResourceLocator interface">
    <HelpKINode Title="IResourceLocator Interface" Url="html/9cc35121-338c-959a-4e77-e337704fabe4.htm" />
    <HelpKINode Title="methods" Url="html/f989b80e-4449-4486-9615-7a94e3949d44.htm" />
  </HelpKINode>
  <HelpKINode Title="IResourceLocator.FindResource method" Url="html/0941c6be-d571-956c-7d60-0a0c2a4f9b9a.htm" />
  <HelpKINode Title="IsAutoFilterEnabled attached property" Url="html/861fdd3c-cf70-a2b7-6e00-7bf278324898.htm" />
  <HelpKINode Title="IsAutoFilterEnabledProperty field" Url="html/cd8e4316-5511-f112-59d4-f95e0d2d9c65.htm" />
  <HelpKINode Title="IsFiltered property" Url="html/3611ad31-f427-cc5f-2b16-603b74958a76.htm" />
  <HelpKINode Title="IsFilterVisible attached property" Url="html/79a9e7d2-d990-5dfa-c8c0-c726052b99e7.htm" />
  <HelpKINode Title="IsFilterVisibleProperty field" Url="html/b46e3a9f-932c-34ce-c27b-49fafc8768c5.htm" />
  <HelpKINode Title="IsMatch method">
    <HelpKINode Title="IContentFilter.IsMatch Method " Url="html/9a0bd5a9-f9c1-c61f-3fc7-b8cd30baaec8.htm" />
    <HelpKINode Title="MultipleChoiceContentFilter.IsMatch Method " Url="html/a97e53da-aaa0-8ad8-e821-8adfb9bd17c1.htm" />
    <HelpKINode Title="RegexContentFilter.IsMatch Method " Url="html/21f478f3-e850-4b8c-66ca-f61e2e485721.htm" />
    <HelpKINode Title="SimpleContentFilter.IsMatch Method " Url="html/be021e88-f23f-a26b-ada9-20af61b19256.htm" />
  </HelpKINode>
  <HelpKINode Title="IsMultilineEditingEnabled attached property" Url="html/9ab49717-43ee-4773-d64e-c500a3a07874.htm" />
  <HelpKINode Title="IsMultilineEditingEnabledProperty field" Url="html/ac4b43f6-7b99-6f6f-0df1-7166b0c3311b.htm" />
  <HelpKINode Title="Items property" Url="html/02938f95-8217-bd50-bb6a-83c01e9b9ab5.htm" />
  <HelpKINode Title="MultipleChoiceContentFilter class">
    <HelpKINode Title="MultipleChoiceContentFilter Class" Url="html/614ede0c-cdc6-576d-0332-f6d473baff44.htm" />
    <HelpKINode Title="constructor" Url="html/043cf108-4937-54ee-8218-3cdb83eb4f12.htm" />
    <HelpKINode Title="methods" Url="html/5d36e4a2-73b5-7f51-b56d-464ba200ca74.htm" />
    <HelpKINode Title="properties" Url="html/e2046717-08e3-3131-d015-7e63e42c8ca8.htm" />
  </HelpKINode>
  <HelpKINode Title="MultipleChoiceContentFilter.IsMatch method" Url="html/a97e53da-aaa0-8ad8-e821-8adfb9bd17c1.htm" />
  <HelpKINode Title="MultipleChoiceContentFilter.Items property" Url="html/02938f95-8217-bd50-bb6a-83c01e9b9ab5.htm" />
  <HelpKINode Title="MultipleChoiceContentFilter.MultipleChoiceContentFilter constructor" Url="html/043cf108-4937-54ee-8218-3cdb83eb4f12.htm" />
  <HelpKINode Title="MultipleChoiceFilter class">
    <HelpKINode Title="MultipleChoiceFilter Class" Url="html/7482dac9-ebcc-6415-2a1c-1fa772dc7d50.htm" />
    <HelpKINode Title="constructor" Url="html/7fa5c9b2-e7da-7f23-1131-b402d7e841f7.htm" />
    <HelpKINode Title="fields" Url="html/5819ad33-c519-64e0-7a18-94aa44aef11b.htm" />
    <HelpKINode Title="methods" Url="html/667b2f35-ac47-c587-b090-93930db83b0e.htm" />
    <HelpKINode Title="properties" Url="html/0d01f6e9-3404-b50a-dc23-02d3ed2fe0e2.htm" />
  </HelpKINode>
  <HelpKINode Title="MultipleChoiceFilter.Filter property" Url="html/9abf5d88-0825-d6ac-68de-c749309a4f03.htm" />
  <HelpKINode Title="MultipleChoiceFilter.FilterProperty field" Url="html/82b9d08f-a559-1d8d-5a4f-3d97213cc09e.htm" />
  <HelpKINode Title="MultipleChoiceFilter.MultipleChoiceFilter constructor" Url="html/7fa5c9b2-e7da-7f23-1131-b402d7e841f7.htm" />
  <HelpKINode Title="MultipleChoiceFilter.OnApplyTemplate method" Url="html/9c3f6412-8bd9-07f8-110b-1629ba48321f.htm" />
  <HelpKINode Title="MultipleChoiceFilter.SelectAllContent property" Url="html/b465e241-6ee6-1747-01aa-a2fb6ecc6edf.htm" />
  <HelpKINode Title="MultipleChoiceFilter.SelectAllContentProperty field" Url="html/55899210-ab73-71e8-144e-6fdc40c10b45.htm" />
  <HelpKINode Title="MultipleChoiceFilter.Values property" Url="html/a3624078-10ff-4678-6d3c-6a3b4b6462a5.htm" />
  <HelpKINode Title="MultipleChoiceFilter.ValuesProperty field" Url="html/df83adfd-daff-4471-61e4-8f3c508cff31.htm" />
  <HelpKINode Title="OnApplyTemplate method" Url="html/9c3f6412-8bd9-07f8-110b-1629ba48321f.htm" />
  <HelpKINode Title="PasteCells method" Url="html/e2768b39-9545-3388-7f28-89c699b8445c.htm" />
  <HelpKINode Title="PropertyChanged event" Url="html/966b99ac-ea77-6dcc-ddb6-2eae10ce76f4.htm" />
  <HelpKINode Title="RegexContentFilter class">
    <HelpKINode Title="RegexContentFilter Class" Url="html/d817b3a5-93fc-fc26-7335-746e2adba7d8.htm" />
    <HelpKINode Title="constructor" Url="html/6f2a72e0-9c32-d419-393c-f6408d240783.htm" />
    <HelpKINode Title="methods" Url="html/78ffec00-37e4-345b-fd07-5c5dd4414910.htm" />
  </HelpKINode>
  <HelpKINode Title="RegexContentFilter.IsMatch method" Url="html/21f478f3-e850-4b8c-66ca-f61e2e485721.htm" />
  <HelpKINode Title="RegexContentFilter.RegexContentFilter constructor" Url="html/6f2a72e0-9c32-d419-393c-f6408d240783.htm" />
  <HelpKINode Title="RegexContentFilterFactory class">
    <HelpKINode Title="RegexContentFilterFactory Class" Url="html/5aabb85a-4d59-3cb8-d82f-a07bedc1eb6b.htm" />
    <HelpKINode Title="constructor" Url="html/8efa3056-ff8d-e0d4-9466-f967628bb91f.htm" />
    <HelpKINode Title="fields" Url="html/0615401b-7eca-3986-8830-0488fdb54d65.htm" />
    <HelpKINode Title="methods" Url="html/954d576c-07ed-b44e-e089-3805726a7275.htm" />
  </HelpKINode>
  <HelpKINode Title="RegexContentFilterFactory.Create method" Url="html/45ab043a-ea0a-f4d7-20f0-478f62972c45.htm" />
  <HelpKINode Title="RegexContentFilterFactory.Default field" Url="html/7fb7cb0c-3ff3-0d77-efe4-85fbd055359b.htm" />
  <HelpKINode Title="RegexContentFilterFactory.RegexContentFilterFactory constructor" Url="html/8efa3056-ff8d-e0d4-9466-f967628bb91f.htm" />
  <HelpKINode Title="ResourceLocator attached property" Url="html/f8369675-7855-999e-7c50-16f1c07571c8.htm" />
  <HelpKINode Title="ResourceLocator property" Url="html/750ca8fb-abbf-ab18-66e5-67c61e941120.htm" />
  <HelpKINode Title="ResourceLocatorProperty field">
    <HelpKINode Title="DataGridFilter.ResourceLocatorProperty Field" Url="html/6ef28b1f-aae9-a9c7-6f79-59e4dcc012f3.htm" />
    <HelpKINode Title="ExtendedStarSizeBehavior.ResourceLocatorProperty Field" Url="html/8c58de49-6239-5393-0b21-9042bb30422a.htm" />
  </HelpKINode>
  <HelpKINode Title="SelectableValues property" Url="html/129bdf8f-7a74-b4da-346e-76bd014d8a9a.htm" />
  <HelpKINode Title="SelectAllContent property" Url="html/b465e241-6ee6-1747-01aa-a2fb6ecc6edf.htm" />
  <HelpKINode Title="SelectAllContentProperty field" Url="html/55899210-ab73-71e8-144e-6fdc40c10b45.htm" />
  <HelpKINode Title="SetActiveFilter method" Url="html/b7bc7869-b5c5-304b-1d81-6af1c9fc862e.htm" />
  <HelpKINode Title="SetApplyInitialSorting method" Url="html/983449ff-f4d0-4e2b-9a75-3dcee4de9f94.htm" />
  <HelpKINode Title="SetContentFilterFactory method" Url="html/207c2569-cce2-76c0-fe66-f16acc22c60b.htm" />
  <HelpKINode Title="SetDefaultColumnStyles method" Url="html/b74d0082-c5f8-edb3-d57c-a2c97387aa6e.htm" />
  <HelpKINode Title="SetFilter method" Url="html/6eede526-83c6-5228-ce24-afd98dcb7ab1.htm" />
  <HelpKINode Title="SetFilterEvaluationDelay method" Url="html/f1ac0794-81b8-d925-51bf-14ae4e2269a6.htm" />
  <HelpKINode Title="SetFilterHost method" Url="html/f2dc635c-a215-ec60-7184-70ea13ed84e9.htm" />
  <HelpKINode Title="SetForceCommitOnLostFocus method" Url="html/2c284ebd-3f39-3ffc-ead6-f3732d756d05.htm" />
  <HelpKINode Title="SetGlobalFilter method" Url="html/6cd8f155-e19b-c9c3-2712-3719ee480667.htm" />
  <HelpKINode Title="SetIsAutoFilterEnabled method" Url="html/4ecb5e81-b4b2-90fa-eedd-fc9c4e74e59c.htm" />
  <HelpKINode Title="SetIsFilterVisible method" Url="html/db50d7f3-e2b3-f82d-d46f-46e43f29e6c2.htm" />
  <HelpKINode Title="SetIsMultilineEditingEnabled method" Url="html/f46a9e32-b6a5-3adc-a7e7-277ba955d52c.htm" />
  <HelpKINode Title="SetResourceLocator method" Url="html/1e87e5de-437f-82ee-cbc4-06245369565b.htm" />
  <HelpKINode Title="SetTemplate method" Url="html/b113246f-a783-f368-6045-afbab73e7b33.htm" />
  <HelpKINode Title="SimpleContentFilter class">
    <HelpKINode Title="SimpleContentFilter Class" Url="html/957f7e42-521f-15a7-eec3-73717ae81cd9.htm" />
    <HelpKINode Title="constructor" Url="html/5af8e783-3cad-6bca-3619-bf5d53b293a4.htm" />
    <HelpKINode Title="methods" Url="html/5d2f4082-6379-49bd-eae8-dea60991ef50.htm" />
  </HelpKINode>
  <HelpKINode Title="SimpleContentFilter.IsMatch method" Url="html/be021e88-f23f-a26b-ada9-20af61b19256.htm" />
  <HelpKINode Title="SimpleContentFilter.SimpleContentFilter constructor" Url="html/5af8e783-3cad-6bca-3619-bf5d53b293a4.htm" />
  <HelpKINode Title="SimpleContentFilterFactory class">
    <HelpKINode Title="SimpleContentFilterFactory Class" Url="html/247836b4-6684-cfc8-d23c-b79799dd6239.htm" />
    <HelpKINode Title="constructor" Url="html/77dbbe6c-4804-7f1e-bab6-69373934cec7.htm" />
    <HelpKINode Title="fields" Url="html/190b16ab-a74f-dfaf-cf81-2154dc86c49d.htm" />
    <HelpKINode Title="methods" Url="html/44197225-d4d9-0eec-a016-45f149b47128.htm" />
    <HelpKINode Title="properties" Url="html/376f5cae-ce62-5d7a-b02d-388086cb5da5.htm" />
  </HelpKINode>
  <HelpKINode Title="SimpleContentFilterFactory.Create method" Url="html/d605ccf6-92f4-923b-5821-4ecd9d15c36c.htm" />
  <HelpKINode Title="SimpleContentFilterFactory.Default field" Url="html/09cf852f-627c-120c-e989-88312f537fe8.htm" />
  <HelpKINode Title="SimpleContentFilterFactory.SimpleContentFilterFactory constructor" Url="html/77dbbe6c-4804-7f1e-bab6-69373934cec7.htm" />
  <HelpKINode Title="SimpleContentFilterFactory.StringComparison property" Url="html/73894cb1-f52c-5faf-574f-e3171b7dabde.htm" />
  <HelpKINode Title="SourceValues property" Url="html/6a6c1487-eb48-c03f-9411-a5b6b78d5484.htm" />
  <HelpKINode Title="StringComparison property" Url="html/73894cb1-f52c-5faf-574f-e3171b7dabde.htm" />
  <HelpKINode Title="Target property" Url="html/a3e0b400-dba4-20c6-a0d6-cb4d96bfcc4b.htm" />
  <HelpKINode Title="TargetProperty field" Url="html/44402ac1-b726-6935-ab8d-7cd4532b97bb.htm" />
  <HelpKINode Title="Template attached property" Url="html/54efeb2c-f6b2-2d70-cf8d-96d843b00578.htm" />
  <HelpKINode Title="TemplateColumnFilterTemplateKey field" Url="html/a51a3198-7d56-fc5d-c8e8-01ab820d355c.htm" />
  <HelpKINode Title="TemplateProperty field" Url="html/a08e0556-6b22-cc3b-c24d-acdd0b7606ec.htm" />
  <HelpKINode Title="TextBox property" Url="html/afb97760-1682-690c-46b1-4d3d24a0214b.htm" />
  <HelpKINode Title="TextBoxProperty field" Url="html/cbe8dc52-d083-ff0b-7609-333cc92f70a6.htm" />
  <HelpKINode Title="TextColumnFilterTemplateKey field" Url="html/09bf1b9e-92dd-39e3-1d52-14b0fdaa3c3b.htm" />
  <HelpKINode Title="Tools class">
    <HelpKINode Title="Tools Class" Url="html/90f8ff5d-5eac-1e58-6898-43a71ad12c82.htm" />
    <HelpKINode Title="attached properties" Url="html/a3a2dc05-e66a-e050-4657-0293b84acdf4.htm" />
    <HelpKINode Title="fields" Url="html/8a580578-19de-3376-3b22-5b118f010661.htm" />
    <HelpKINode Title="methods" Url="html/adfe8613-2d62-13b0-dd29-14bc87e099c1.htm" />
  </HelpKINode>
  <HelpKINode Title="Tools.ApplyInitialSorting attached property" Url="html/b999f6fa-541e-3b38-fc95-0e544641d941.htm" />
  <HelpKINode Title="Tools.ApplyInitialSortingProperty field" Url="html/92a8e41f-0dd0-5cd6-91cd-2e5b1d48d31b.htm" />
  <HelpKINode Title="Tools.ForceCommitOnLostFocus attached property" Url="html/0b8f8c2a-023f-77ac-897c-8c77cdf25ba9.htm" />
  <HelpKINode Title="Tools.ForceCommitOnLostFocusProperty field" Url="html/fc968150-c818-548d-81f7-3de08b3e52b0.htm" />
  <HelpKINode Title="Tools.GetAdditionalEvents method" Url="html/0ede623c-0ef5-3d11-dbaf-bff1fd8e8d25.htm" />
  <HelpKINode Title="Tools.GetApplyInitialSorting method" Url="html/3ed3502d-1615-f795-49ca-b1055d4a92cb.htm" />
  <HelpKINode Title="Tools.GetForceCommitOnLostFocus method" Url="html/4731ecee-fb8d-1d19-2f77-168992f284b2.htm" />
  <HelpKINode Title="Tools.GetIsMultilineEditingEnabled method" Url="html/fdf5fb5a-3733-b2b1-7d9c-2426b00510e2.htm" />
  <HelpKINode Title="Tools.IsMultilineEditingEnabled attached property" Url="html/9ab49717-43ee-4773-d64e-c500a3a07874.htm" />
  <HelpKINode Title="Tools.IsMultilineEditingEnabledProperty field" Url="html/ac4b43f6-7b99-6f6f-0df1-7166b0c3311b.htm" />
  <HelpKINode Title="Tools.SetApplyInitialSorting method" Url="html/983449ff-f4d0-4e2b-9a75-3dcee4de9f94.htm" />
  <HelpKINode Title="Tools.SetForceCommitOnLostFocus method" Url="html/2c284ebd-3f39-3ffc-ead6-f3732d756d05.htm" />
  <HelpKINode Title="Tools.SetIsMultilineEditingEnabled method" Url="html/f46a9e32-b6a5-3adc-a7e7-277ba955d52c.htm" />
  <HelpKINode Title="Values property">
    <HelpKINode Title="DataGridFilterColumnControl.Values Property " Url="html/9323208c-c91d-ef54-7381-ce9758128ca0.htm" />
    <HelpKINode Title="MultipleChoiceFilter.Values Property " Url="html/a3624078-10ff-4678-6d3c-6a3b4b6462a5.htm" />
  </HelpKINode>
  <HelpKINode Title="ValuesProperty field" Url="html/df83adfd-daff-4471-61e4-8f3c508cff31.htm" />
  <HelpKINode Title="Welcome" Url="html/bdcf301b-c036-4f10-a269-a9f15fce4679.htm" />
</HelpKI>
