﻿<?xml version="1.0" encoding="utf-8"?>
<HelpTOC>

  <HelpTOCNode Title="API Documentation" Url="html/bdcf301b-c036-4f10-a269-a9f15fce4679.htm" />
  <HelpTOCNode Id="42fb8cc0-f43a-43f4-905c-e0005d75833b" Title="DataGridExtensions" Url="html/5049f02f-0515-9f53-1245-801b61a5c286.htm">
    <HelpTOCNode Id="19a0c2ea-245d-41b7-a22f-12837cebb43e" Title="ColumnStyles Class" Url="html/e7472edd-c05e-321a-d6e8-80fb088aa7f1.htm">
      <HelpTOCNode Id="a8afd83d-1a67-4a7a-85bb-4a0ae18d1147" Title="ColumnStyles Methods" Url="html/304cfc8c-a352-713b-7f57-a040012b5164.htm">
        <HelpTOCNode Title="GetDefaultColumnStyles Method " Url="html/f80edac8-c7b3-a7ec-3d93-23435ab760fb.htm" />
        <HelpTOCNode Title="SetDefaultColumnStyles Method " Url="html/b74d0082-c5f8-edb3-d57c-a2c97387aa6e.htm" />
      </HelpTOCNode>
      <HelpTOCNode Id="c6e25c2a-0106-4a07-98cd-15041c89b294" Title="ColumnStyles Fields" Url="html/c416c2d1-90ff-cac2-04a7-41542183e27d.htm">
        <HelpTOCNode Title="DefaultColumnStylesProperty Field" Url="html/229dbce6-4b68-ad52-570d-ee902a3c187e.htm" />
      </HelpTOCNode>
      <HelpTOCNode Id="2bb79d44-1844-4cea-b22d-70cedd35afb7" Title="ColumnStyles Attached Properties" Url="html/5e06b619-4bed-a266-5c1e-4a0160b5e661.htm">
        <HelpTOCNode Title="DefaultColumnStyles Attached Property" Url="html/cc71595e-8cb4-59cd-7176-569ef04bc140.htm" />
      </HelpTOCNode>
    </HelpTOCNode>
    <HelpTOCNode Id="d16488b3-7f57-4b1e-8ac4-0b3d09dfbc62" Title="DataGridColumnStyle Class" Url="html/62ffc8d2-78b6-08b9-1632-ac7f76223eb7.htm">
      <HelpTOCNode Title="DataGridColumnStyle Constructor " Url="html/0c8da416-bf58-2845-c25e-0d94eb3acc88.htm" />
      <HelpTOCNode Id="65691b55-f563-4c3a-9429-0475a1318a1e" Title="DataGridColumnStyle Properties" Url="html/eb15f0ea-1cc3-82af-d327-0ffcd3ec8d2d.htm">
        <HelpTOCNode Title="ColumnType Property " Url="html/8a95501a-b8bd-2e7e-ace6-47ef821a3969.htm" />
        <HelpTOCNode Title="EditingElementStyle Property " Url="html/222bd79e-6841-989c-419c-a8d287f0fdd6.htm" />
        <HelpTOCNode Title="ElementStyle Property " Url="html/8542558d-fd48-8142-b0aa-4e66f94c9cf7.htm" />
      </HelpTOCNode>
      <HelpTOCNode Id="6f3da814-3f94-4188-be69-340681c7a17d" Title="DataGridColumnStyle Fields" Url="html/7f9d2f0a-12af-e450-22eb-7988f7feef37.htm">
        <HelpTOCNode Title="EditingElementStyleProperty Field" Url="html/c25bff62-e716-779e-7dc8-fe819a20c376.htm" />
        <HelpTOCNode Title="ElementStyleProperty Field" Url="html/0aae7462-d8d0-0b26-4c73-d3c6e9e3c6e2.htm" />
      </HelpTOCNode>
    </HelpTOCNode>
    <HelpTOCNode Id="13f920ed-0592-4b82-98cf-29a61098b8e8" Title="DataGridColumnStyleCollection Class" Url="html/980a686f-884a-c495-0566-bfd9f0854719.htm">
      <HelpTOCNode Title="DataGridColumnStyleCollection Constructor " Url="html/76ba6ffa-fe45-aaeb-8512-847cb78bd438.htm" />
    </HelpTOCNode>
    <HelpTOCNode Id="97a4763e-5ea5-45cd-b436-2dec9625da38" Title="DataGridFilter Class" Url="html/b4d076b6-863c-0c1c-c72e-c53467111da3.htm">
      <HelpTOCNode Id="f51d6c8c-5a71-4e54-a09b-34131016d5ee" Title="DataGridFilter Methods" Url="html/e013db0f-3874-6ad6-3501-ce9e5d530edd.htm">
        <HelpTOCNode Title="GetContentFilterFactory Method " Url="html/e2018725-c07b-f5aa-1656-8296825167f8.htm" />
        <HelpTOCNode Title="GetFilter Method " Url="html/d4b0b40f-2e77-7159-7e82-6c4384086d3f.htm" />
        <HelpTOCNode Title="GetFilterEvaluationDelay Method " Url="html/01ca3407-8592-6dc7-a39a-fe066cd0b596.htm" />
        <HelpTOCNode Title="GetGlobalFilter Method " Url="html/928b9fef-074f-496a-cd4f-82c1793feecd.htm" />
        <HelpTOCNode Title="GetIsAutoFilterEnabled Method " Url="html/bc24b420-28f0-9a5c-ccf9-601329e57a94.htm" />
        <HelpTOCNode Title="GetResourceLocator Method " Url="html/5cc36221-6dfc-32c4-a565-7a31acab8b2e.htm" />
        <HelpTOCNode Title="SetContentFilterFactory Method " Url="html/207c2569-cce2-76c0-fe66-f16acc22c60b.htm" />
        <HelpTOCNode Title="SetFilterEvaluationDelay Method " Url="html/f1ac0794-81b8-d925-51bf-14ae4e2269a6.htm" />
        <HelpTOCNode Title="SetGlobalFilter Method " Url="html/6cd8f155-e19b-c9c3-2712-3719ee480667.htm" />
        <HelpTOCNode Title="SetIsAutoFilterEnabled Method " Url="html/4ecb5e81-b4b2-90fa-eedd-fc9c4e74e59c.htm" />
        <HelpTOCNode Title="SetResourceLocator Method " Url="html/1e87e5de-437f-82ee-cbc4-06245369565b.htm" />
      </HelpTOCNode>
      <HelpTOCNode Id="7d4903fc-e58f-4487-bdf8-911042656f4b" Title="DataGridFilter Fields" Url="html/f09e7afd-a475-52ad-aa43-0bb6a9077f76.htm">
        <HelpTOCNode Title="CheckBoxColumnFilterTemplateKey Field" Url="html/e37cc920-2d5c-7c1e-b2da-35ea57478b7e.htm" />
        <HelpTOCNode Title="ColumnHeaderSearchCheckBoxStyleKey Field" Url="html/527fafbd-cc14-ff7c-2a23-e60d40108f16.htm" />
        <HelpTOCNode Title="ColumnHeaderSearchTextBoxClearButtonStyleKey Field" Url="html/a2afa69b-863e-e3af-2c96-321b7980b918.htm" />
        <HelpTOCNode Title="ColumnHeaderSearchTextBoxStyleKey Field" Url="html/ba9a2acc-33e9-ca5c-1f18-48cdf6d8b642.htm" />
        <HelpTOCNode Title="ColumnHeaderTemplateKey Field" Url="html/64168e10-f0d1-5e1c-ff02-7034530facbf.htm" />
        <HelpTOCNode Title="ComboBoxColumnFilterTemplateKey Field" Url="html/80153573-4008-c18d-f1c2-ea2dd187ac91.htm" />
        <HelpTOCNode Title="ContentFilterFactoryProperty Field" Url="html/4246955c-0994-628b-2ef4-03791cde2523.htm" />
        <HelpTOCNode Title="FilterEvaluationDelayProperty Field" Url="html/c824447e-75cd-3996-f2b3-8ab0e6187f69.htm" />
        <HelpTOCNode Title="GlobalFilterProperty Field" Url="html/9d34b670-d87e-6803-0054-d6624a9b3194.htm" />
        <HelpTOCNode Title="IconStyleKey Field" Url="html/8e71cb1f-dc75-107f-fb4c-8069953c11c8.htm" />
        <HelpTOCNode Title="IconTemplateKey Field" Url="html/3b79322d-3840-a9b7-676c-0f36ce9136f5.htm" />
        <HelpTOCNode Title="IsAutoFilterEnabledProperty Field" Url="html/cd8e4316-5511-f112-59d4-f95e0d2d9c65.htm" />
        <HelpTOCNode Title="ResourceLocatorProperty Field" Url="html/6ef28b1f-aae9-a9c7-6f79-59e4dcc012f3.htm" />
        <HelpTOCNode Title="TemplateColumnFilterTemplateKey Field" Url="html/a51a3198-7d56-fc5d-c8e8-01ab820d355c.htm" />
        <HelpTOCNode Title="TextColumnFilterTemplateKey Field" Url="html/09bf1b9e-92dd-39e3-1d52-14b0fdaa3c3b.htm" />
      </HelpTOCNode>
      <HelpTOCNode Id="b5d31c78-2d70-4d99-8a5f-0896edb7847b" Title="DataGridFilter Attached Properties" Url="html/eb1cf3ca-b3fb-e9bf-8044-2375f478d596.htm">
        <HelpTOCNode Title="ContentFilterFactory Attached Property" Url="html/d6d5bab5-9a83-116f-ecaf-33459da856d4.htm" />
        <HelpTOCNode Title="FilterEvaluationDelay Attached Property" Url="html/c955c071-52be-e310-b0b7-5a9043e4dd3c.htm" />
        <HelpTOCNode Title="GlobalFilter Attached Property" Url="html/9f7ce4ba-c043-e221-a643-df623bea55d5.htm" />
        <HelpTOCNode Title="IsAutoFilterEnabled Attached Property" Url="html/861fdd3c-cf70-a2b7-6e00-7bf278324898.htm" />
        <HelpTOCNode Title="ResourceLocator Attached Property" Url="html/f8369675-7855-999e-7c50-16f1c07571c8.htm" />
      </HelpTOCNode>
    </HelpTOCNode>
    <HelpTOCNode Id="3217c184-0bc7-4d94-a9c3-feac90c3b285" Title="DataGridFilterColumn Class" Url="html/57bf7338-648a-d577-7401-253ef947a595.htm">
      <HelpTOCNode Id="56317c61-e669-44f8-a4ae-18f10bd2c78f" Title="DataGridFilterColumn Methods" Url="html/cc6f7672-4a80-3efd-d9cb-242e0b7d5cb3.htm">
        <HelpTOCNode Title="GetActiveFilter Method " Url="html/829640c4-7c10-3a1b-55c1-b89cc8715017.htm" />
        <HelpTOCNode Title="GetFilter Method " Url="html/1bdea481-13b3-7ab8-aebe-5f7452dbd232.htm" />
        <HelpTOCNode Title="GetFilterHost Method " Url="html/5b9662ed-124c-9c81-ffaf-9cc4c25db850.htm" />
        <HelpTOCNode Title="GetIsFilterVisible Method " Url="html/d018745f-7a02-cf1c-1f04-7b17c388389a.htm" />
        <HelpTOCNode Title="GetTemplate Method " Url="html/09af8baa-f4e2-64e0-0af9-6f126ce4b74b.htm" />
        <HelpTOCNode Title="SetActiveFilter Method " Url="html/b7bc7869-b5c5-304b-1d81-6af1c9fc862e.htm" />
        <HelpTOCNode Title="SetFilter Method " Url="html/6eede526-83c6-5228-ce24-afd98dcb7ab1.htm" />
        <HelpTOCNode Title="SetFilterHost Method " Url="html/f2dc635c-a215-ec60-7184-70ea13ed84e9.htm" />
        <HelpTOCNode Title="SetIsFilterVisible Method " Url="html/db50d7f3-e2b3-f82d-d46f-46e43f29e6c2.htm" />
        <HelpTOCNode Title="SetTemplate Method " Url="html/b113246f-a783-f368-6045-afbab73e7b33.htm" />
      </HelpTOCNode>
      <HelpTOCNode Id="a03176f1-b527-48dc-8487-25c041fabf1c" Title="DataGridFilterColumn Fields" Url="html/46345567-3302-a8a2-4ee3-93bcd56f13a7.htm">
        <HelpTOCNode Title="ActiveFilterProperty Field" Url="html/11843cee-10fa-092e-c817-58b9484729f1.htm" />
        <HelpTOCNode Title="FilterHostProperty Field" Url="html/e609b882-5a1b-84e9-3467-1f18c888c8ae.htm" />
        <HelpTOCNode Title="FilterProperty Field" Url="html/454d55c6-4cbd-0e32-0377-251ea80fbc9c.htm" />
        <HelpTOCNode Title="IsFilterVisibleProperty Field" Url="html/b46e3a9f-932c-34ce-c27b-49fafc8768c5.htm" />
        <HelpTOCNode Title="TemplateProperty Field" Url="html/a08e0556-6b22-cc3b-c24d-acdd0b7606ec.htm" />
      </HelpTOCNode>
      <HelpTOCNode Id="b576d98f-717a-4d97-8711-ddc0f4f2c25a" Title="DataGridFilterColumn Attached Properties" Url="html/3b6f3bb2-0a78-ad01-4e78-bcb936ac1e95.htm">
        <HelpTOCNode Title="ActiveFilter Attached Property" Url="html/e2cb6cb0-2976-f935-816e-43ddaa13421e.htm" />
        <HelpTOCNode Title="Filter Attached Property" Url="html/e4640362-5da4-92e5-07ea-a7654ab39a07.htm" />
        <HelpTOCNode Title="FilterHost Attached Property" Url="html/17db3e79-99e4-5b52-cc61-26541c20ba81.htm" />
        <HelpTOCNode Title="IsFilterVisible Attached Property" Url="html/79a9e7d2-d990-5dfa-c8c0-c726052b99e7.htm" />
        <HelpTOCNode Title="Template Attached Property" Url="html/54efeb2c-f6b2-2d70-cf8d-96d843b00578.htm" />
      </HelpTOCNode>
    </HelpTOCNode>
    <HelpTOCNode Id="7334e2fc-1031-4f1d-afbc-ff659bd813ed" Title="DataGridFilterColumnControl Class" Url="html/98c600b0-3eb7-d2dc-2466-ae2167c0a00d.htm">
      <HelpTOCNode Title="DataGridFilterColumnControl Constructor " Url="html/53fe5c1e-99ae-dffe-2bbb-63a76012109d.htm" />
      <HelpTOCNode Id="f1f8d6a1-0e90-4b6b-9375-619c66ddab32" Title="DataGridFilterColumnControl Properties" Url="html/48dd60d0-e172-f531-c5f8-de36b4b7bd80.htm">
        <HelpTOCNode Title="Column Property " Url="html/7b65252a-4716-771a-00e3-7b45447db517.htm" />
        <HelpTOCNode Title="Filter Property " Url="html/adf909a0-ab5b-43be-3e15-7518b3960e6c.htm" />
        <HelpTOCNode Title="IsFiltered Property " Url="html/3611ad31-f427-cc5f-2b16-603b74958a76.htm" />
        <HelpTOCNode Title="SelectableValues Property " Url="html/129bdf8f-7a74-b4da-346e-76bd014d8a9a.htm" />
        <HelpTOCNode Title="SourceValues Property " Url="html/6a6c1487-eb48-c03f-9411-a5b6b78d5484.htm" />
        <HelpTOCNode Title="Values Property " Url="html/9323208c-c91d-ef54-7381-ce9758128ca0.htm" />
      </HelpTOCNode>
      <HelpTOCNode Id="823358e8-809a-422b-bac8-e981160f1554" Title="DataGridFilterColumnControl Events" Url="html/f2ab9824-8034-0fc2-d83c-61b9e389efed.htm">
        <HelpTOCNode Title="PropertyChanged Event" Url="html/966b99ac-ea77-6dcc-ddb6-2eae10ce76f4.htm" />
      </HelpTOCNode>
      <HelpTOCNode Id="0d90be2c-c9d9-4804-b7ff-e644c63082c8" Title="DataGridFilterColumnControl Fields" Url="html/b9253a97-17bc-5ebb-c15f-ab1849ca9103.htm">
        <HelpTOCNode Title="FilterProperty Field" Url="html/f11898e8-5ac6-2f90-29be-6889298daa78.htm" />
      </HelpTOCNode>
    </HelpTOCNode>
    <HelpTOCNode Id="9359fe5d-bcb0-4bcc-9625-64fa2efb4bd4" Title="DataGridFilterHost Class" Url="html/19edba34-1474-093f-7c2f-bd12b3a4bdaa.htm">
      <HelpTOCNode Id="d6bc2ba3-824f-4861-8f47-5c09bad15389" Title="DataGridFilterHost Properties" Url="html/080ed406-6665-00ff-d244-afb44e028a46.htm">
        <HelpTOCNode Title="DataGrid Property " Url="html/318d12b8-6152-50a0-60ce-3b456a0ab37f.htm" />
        <HelpTOCNode Title="FilterColumnControls Property " Url="html/7e81693e-5db6-6622-a1a6-2f4a2580d6f0.htm" />
      </HelpTOCNode>
      <HelpTOCNode Id="43282c61-eb01-4b00-8f6c-3a38e6272c2b" Title="DataGridFilterHost Methods" Url="html/5ce47c96-9d36-d4c5-1018-33505d2b33a2.htm">
        <HelpTOCNode Title="Clear Method " Url="html/a556e91a-18be-3058-38eb-222cbdb2a49b.htm" />
      </HelpTOCNode>
      <HelpTOCNode Id="97b8126f-382f-49f3-9472-06f527aaefea" Title="DataGridFilterHost Events" Url="html/f9237ce3-b01e-9ab8-8c28-c03172d5a929.htm">
        <HelpTOCNode Title="FilterChanged Event" Url="html/f266ba89-501d-2df7-d414-8858232758d3.htm" />
        <HelpTOCNode Title="Filtering Event" Url="html/67753f3b-2d09-ed24-99e3-9eba6d093aa2.htm" />
      </HelpTOCNode>
    </HelpTOCNode>
    <HelpTOCNode Id="dcf49226-4134-4fa0-ae3b-612b9573e1f9" Title="DataGridFilteringEventArgs Class" Url="html/3364b130-356e-b7f7-95f3-7049179244bf.htm">
      <HelpTOCNode Title="DataGridFilteringEventArgs Constructor " Url="html/76650710-d800-8ed5-ff1b-15bf8ee49d4f.htm" />
      <HelpTOCNode Id="16ea5815-960b-4440-87d1-41c601266831" Title="DataGridFilteringEventArgs Properties" Url="html/12ea7ab5-be06-d525-4ae3-8b074244932e.htm">
        <HelpTOCNode Title="Columns Property " Url="html/fd19fcb2-900a-0882-e0d8-a786357cc1d3.htm" />
      </HelpTOCNode>
    </HelpTOCNode>
    <HelpTOCNode Id="6c498c4a-2a77-4cc1-af5d-9575d4c51e2b" Title="ExtensionMethods Class" Url="html/73f80354-26e1-52de-bfac-6db55534b1ac.htm">
      <HelpTOCNode Id="9d4b5ca2-d2ff-4b76-b2a3-6c4491f742af" Title="ExtensionMethods Methods" Url="html/30a4c915-8b41-537f-a724-69e5f405af57.htm">
        <HelpTOCNode Title="CanSelectAll Method " Url="html/d6e898ec-55ef-cadd-b956-0d9ccea4b709.htm" />
        <HelpTOCNode Title="EnableMultilineEditing Method " Url="html/0512243c-3643-7be9-35d2-ee75d46bebe0.htm" />
        <HelpTOCNode Title="GetCellSelection Method " Url="html/fdb17b69-56b8-8fff-93f3-4c3feb0e6c13.htm" />
        <HelpTOCNode Title="GetVisibleSelectedCells Method " Url="html/d426d17a-344e-390b-82a6-f224c5ec863e.htm" />
        <HelpTOCNode Title="HasRectangularCellSelection Method " Url="html/a7bd76e7-a978-9408-3d10-28394efac55e.htm" />
        <HelpTOCNode Title="PasteCells Method " Url="html/e2768b39-9545-3388-7f28-89c699b8445c.htm" />
      </HelpTOCNode>
    </HelpTOCNode>
    <HelpTOCNode Id="cbb8e632-104e-4a9a-aee3-471ff9c5050e" Title="IContentFilter Interface" Url="html/7b769760-8a08-cfa2-f077-a77ac3565dcb.htm">
      <HelpTOCNode Id="1e204ba5-18a3-4acc-8440-22dd96c6e499" Title="IContentFilter Methods" Url="html/0ad190ed-7519-b5b1-716c-464f4ffc79a0.htm">
        <HelpTOCNode Title="IsMatch Method " Url="html/9a0bd5a9-f9c1-c61f-3fc7-b8cd30baaec8.htm" />
      </HelpTOCNode>
    </HelpTOCNode>
    <HelpTOCNode Id="996d9432-b914-4906-bcb6-f1a830703b98" Title="IContentFilterFactory Interface" Url="html/c20b07aa-5324-22c3-18b8-3a04323c8f57.htm">
      <HelpTOCNode Id="f8d29dc0-4758-46ca-9f97-68659462c2a6" Title="IContentFilterFactory Methods" Url="html/65789a04-aa4f-40a4-dd58-2fc2b06012cb.htm">
        <HelpTOCNode Title="Create Method " Url="html/f0d69050-2628-7849-af92-08787afbf1cc.htm" />
      </HelpTOCNode>
    </HelpTOCNode>
    <HelpTOCNode Id="84779fb3-14c9-48fb-8fd1-8940b2ae1f3f" Title="IDataGridEventsProvider Interface" Url="html/8bd0fdcc-1bbd-d4ad-e88d-568b2f033626.htm">
      <HelpTOCNode Id="93660cda-effc-4cb2-bc5d-1e42cf85890e" Title="IDataGridEventsProvider Events" Url="html/e018fe0b-126b-d64d-f470-f3965cb65b22.htm">
        <HelpTOCNode Title="ColumnActualWidthChanged Event" Url="html/a3106c25-ee4e-b80a-1ee0-b65a9ed56e44.htm" />
        <HelpTOCNode Title="ColumnDisplayIndexChanged Event" Url="html/6a2a488f-b9a9-3b6c-7ce8-1d7a79c101ea.htm" />
        <HelpTOCNode Title="ColumnSortDirectionChanged Event" Url="html/1bd3eb11-f61b-fa1b-aea0-2177c026e27e.htm" />
        <HelpTOCNode Title="ColumnVisibilityChanged Event" Url="html/7c89b996-11b0-8ab5-785d-2e788df91d49.htm" />
      </HelpTOCNode>
    </HelpTOCNode>
    <HelpTOCNode Id="2f09f98a-5fc4-4e05-a424-4c475fb8755d" Title="IResourceLocator Interface" Url="html/9cc35121-338c-959a-4e77-e337704fabe4.htm">
      <HelpTOCNode Id="971fc161-9628-43f3-b4b2-79dd8ff862fb" Title="IResourceLocator Methods" Url="html/f989b80e-4449-4486-9615-7a94e3949d44.htm">
        <HelpTOCNode Title="FindResource Method " Url="html/0941c6be-d571-956c-7d60-0a0c2a4f9b9a.htm" />
      </HelpTOCNode>
    </HelpTOCNode>
    <HelpTOCNode Id="c8cbfbd5-12af-4aed-ae29-5f3875c02c81" Title="MultipleChoiceContentFilter Class" Url="html/614ede0c-cdc6-576d-0332-f6d473baff44.htm">
      <HelpTOCNode Title="MultipleChoiceContentFilter Constructor " Url="html/043cf108-4937-54ee-8218-3cdb83eb4f12.htm" />
      <HelpTOCNode Id="9486248c-8779-4c47-8d5e-d42d3deb4094" Title="MultipleChoiceContentFilter Properties" Url="html/e2046717-08e3-3131-d015-7e63e42c8ca8.htm">
        <HelpTOCNode Title="Items Property " Url="html/02938f95-8217-bd50-bb6a-83c01e9b9ab5.htm" />
      </HelpTOCNode>
      <HelpTOCNode Id="12bcb973-21e0-4f63-9b9b-656924ee94fa" Title="MultipleChoiceContentFilter Methods" Url="html/5d36e4a2-73b5-7f51-b56d-464ba200ca74.htm">
        <HelpTOCNode Title="IsMatch Method " Url="html/a97e53da-aaa0-8ad8-e821-8adfb9bd17c1.htm" />
      </HelpTOCNode>
    </HelpTOCNode>
    <HelpTOCNode Id="9059aa82-ba6a-40ec-87e8-0cce4bfe6707" Title="MultipleChoiceFilter Class" Url="html/7482dac9-ebcc-6415-2a1c-1fa772dc7d50.htm">
      <HelpTOCNode Title="MultipleChoiceFilter Constructor " Url="html/7fa5c9b2-e7da-7f23-1131-b402d7e841f7.htm" />
      <HelpTOCNode Id="81c32b8d-0791-4b3c-9798-49b2da1cb8e5" Title="MultipleChoiceFilter Properties" Url="html/0d01f6e9-3404-b50a-dc23-02d3ed2fe0e2.htm">
        <HelpTOCNode Title="Filter Property " Url="html/9abf5d88-0825-d6ac-68de-c749309a4f03.htm" />
        <HelpTOCNode Title="SelectAllContent Property " Url="html/b465e241-6ee6-1747-01aa-a2fb6ecc6edf.htm" />
        <HelpTOCNode Title="Values Property " Url="html/a3624078-10ff-4678-6d3c-6a3b4b6462a5.htm" />
      </HelpTOCNode>
      <HelpTOCNode Id="648a3c09-1de7-4154-a246-96407164287f" Title="MultipleChoiceFilter Methods" Url="html/667b2f35-ac47-c587-b090-93930db83b0e.htm">
        <HelpTOCNode Title="OnApplyTemplate Method " Url="html/9c3f6412-8bd9-07f8-110b-1629ba48321f.htm" />
      </HelpTOCNode>
      <HelpTOCNode Id="c35bbc59-a098-4836-87e8-54a0ca7e97a2" Title="MultipleChoiceFilter Fields" Url="html/5819ad33-c519-64e0-7a18-94aa44aef11b.htm">
        <HelpTOCNode Title="FilterProperty Field" Url="html/82b9d08f-a559-1d8d-5a4f-3d97213cc09e.htm" />
        <HelpTOCNode Title="SelectAllContentProperty Field" Url="html/55899210-ab73-71e8-144e-6fdc40c10b45.htm" />
        <HelpTOCNode Title="ValuesProperty Field" Url="html/df83adfd-daff-4471-61e4-8f3c508cff31.htm" />
      </HelpTOCNode>
    </HelpTOCNode>
    <HelpTOCNode Id="85211b87-6481-4cd2-861e-aa4a10b79cbd" Title="RegexContentFilter Class" Url="html/d817b3a5-93fc-fc26-7335-746e2adba7d8.htm">
      <HelpTOCNode Title="RegexContentFilter Constructor " Url="html/6f2a72e0-9c32-d419-393c-f6408d240783.htm" />
      <HelpTOCNode Id="a5c9349f-e0cc-48d9-82b6-259a71b1b484" Title="RegexContentFilter Methods" Url="html/78ffec00-37e4-345b-fd07-5c5dd4414910.htm">
        <HelpTOCNode Title="IsMatch Method " Url="html/21f478f3-e850-4b8c-66ca-f61e2e485721.htm" />
      </HelpTOCNode>
    </HelpTOCNode>
    <HelpTOCNode Id="9d8fc9ad-82a3-492f-a7b9-980147918dfd" Title="RegexContentFilterFactory Class" Url="html/5aabb85a-4d59-3cb8-d82f-a07bedc1eb6b.htm">
      <HelpTOCNode Id="f5578006-85af-4508-a519-9f802882f734" Title="RegexContentFilterFactory Constructor " Url="html/8efa3056-ff8d-e0d4-9466-f967628bb91f.htm">
        <HelpTOCNode Title="RegexContentFilterFactory Constructor " Url="html/91647fce-b538-23c5-a023-ccc587608bab.htm" />
        <HelpTOCNode Title="RegexContentFilterFactory Constructor (RegexOptions)" Url="html/ebf29aaf-065f-4f7b-1022-bbc1e3f4fd3c.htm" />
      </HelpTOCNode>
      <HelpTOCNode Id="6c850212-127f-4dbc-90a7-01ffff7bdb2d" Title="RegexContentFilterFactory Methods" Url="html/954d576c-07ed-b44e-e089-3805726a7275.htm">
        <HelpTOCNode Title="Create Method " Url="html/45ab043a-ea0a-f4d7-20f0-478f62972c45.htm" />
      </HelpTOCNode>
      <HelpTOCNode Id="4eca1579-6382-4b7a-b71b-443354c3e0f7" Title="RegexContentFilterFactory Fields" Url="html/0615401b-7eca-3986-8830-0488fdb54d65.htm">
        <HelpTOCNode Title="Default Field" Url="html/7fb7cb0c-3ff3-0d77-efe4-85fbd055359b.htm" />
      </HelpTOCNode>
    </HelpTOCNode>
    <HelpTOCNode Id="8e7bdcb6-dab2-4819-bd16-a5ca347e4193" Title="SimpleContentFilter Class" Url="html/957f7e42-521f-15a7-eec3-73717ae81cd9.htm">
      <HelpTOCNode Title="SimpleContentFilter Constructor " Url="html/5af8e783-3cad-6bca-3619-bf5d53b293a4.htm" />
      <HelpTOCNode Id="8f8d6485-bbc3-4d7f-9f5b-140ccb377c54" Title="SimpleContentFilter Methods" Url="html/5d2f4082-6379-49bd-eae8-dea60991ef50.htm">
        <HelpTOCNode Title="IsMatch Method " Url="html/be021e88-f23f-a26b-ada9-20af61b19256.htm" />
      </HelpTOCNode>
    </HelpTOCNode>
    <HelpTOCNode Id="143a84a7-2738-4a92-8cbf-deb64177bf9b" Title="SimpleContentFilterFactory Class" Url="html/247836b4-6684-cfc8-d23c-b79799dd6239.htm">
      <HelpTOCNode Id="bce43cfe-91a8-4308-8bcf-b4d729dbbdb6" Title="SimpleContentFilterFactory Constructor " Url="html/77dbbe6c-4804-7f1e-bab6-69373934cec7.htm">
        <HelpTOCNode Title="SimpleContentFilterFactory Constructor " Url="html/72c4df81-12fa-3adc-1716-40fdda9dc768.htm" />
        <HelpTOCNode Title="SimpleContentFilterFactory Constructor (StringComparison)" Url="html/a9d5c7d7-05eb-9234-5f7f-d59a0024746d.htm" />
      </HelpTOCNode>
      <HelpTOCNode Id="f72b12b2-0491-468e-bcb4-2107c81e01eb" Title="SimpleContentFilterFactory Properties" Url="html/376f5cae-ce62-5d7a-b02d-388086cb5da5.htm">
        <HelpTOCNode Title="StringComparison Property " Url="html/73894cb1-f52c-5faf-574f-e3171b7dabde.htm" />
      </HelpTOCNode>
      <HelpTOCNode Id="1a0cfce5-aeb8-4f9a-8872-618dbb9d9ad4" Title="SimpleContentFilterFactory Methods" Url="html/44197225-d4d9-0eec-a016-45f149b47128.htm">
        <HelpTOCNode Title="Create Method " Url="html/d605ccf6-92f4-923b-5821-4ecd9d15c36c.htm" />
      </HelpTOCNode>
      <HelpTOCNode Id="b92ecd35-00f1-4378-974b-77cf3a9a9be1" Title="SimpleContentFilterFactory Fields" Url="html/190b16ab-a74f-dfaf-cf81-2154dc86c49d.htm">
        <HelpTOCNode Title="Default Field" Url="html/09cf852f-627c-120c-e989-88312f537fe8.htm" />
      </HelpTOCNode>
    </HelpTOCNode>
    <HelpTOCNode Id="9c74e90b-f0f5-4241-9b3d-d3625684fcaf" Title="Tools Class" Url="html/90f8ff5d-5eac-1e58-6898-43a71ad12c82.htm">
      <HelpTOCNode Id="852f8394-1cfd-4a02-89d2-07377ce70cb0" Title="Tools Methods" Url="html/adfe8613-2d62-13b0-dd29-14bc87e099c1.htm">
        <HelpTOCNode Title="GetAdditionalEvents Method " Url="html/0ede623c-0ef5-3d11-dbaf-bff1fd8e8d25.htm" />
        <HelpTOCNode Title="GetApplyInitialSorting Method " Url="html/3ed3502d-1615-f795-49ca-b1055d4a92cb.htm" />
        <HelpTOCNode Title="GetForceCommitOnLostFocus Method " Url="html/4731ecee-fb8d-1d19-2f77-168992f284b2.htm" />
        <HelpTOCNode Title="GetIsMultilineEditingEnabled Method " Url="html/fdf5fb5a-3733-b2b1-7d9c-2426b00510e2.htm" />
        <HelpTOCNode Title="SetApplyInitialSorting Method " Url="html/983449ff-f4d0-4e2b-9a75-3dcee4de9f94.htm" />
        <HelpTOCNode Title="SetForceCommitOnLostFocus Method " Url="html/2c284ebd-3f39-3ffc-ead6-f3732d756d05.htm" />
        <HelpTOCNode Title="SetIsMultilineEditingEnabled Method " Url="html/f46a9e32-b6a5-3adc-a7e7-277ba955d52c.htm" />
      </HelpTOCNode>
      <HelpTOCNode Id="09f29eb3-ca4e-4604-9fd3-f331fd24b6d8" Title="Tools Fields" Url="html/8a580578-19de-3376-3b22-5b118f010661.htm">
        <HelpTOCNode Title="ApplyInitialSortingProperty Field" Url="html/92a8e41f-0dd0-5cd6-91cd-2e5b1d48d31b.htm" />
        <HelpTOCNode Title="ForceCommitOnLostFocusProperty Field" Url="html/fc968150-c818-548d-81f7-3de08b3e52b0.htm" />
        <HelpTOCNode Title="IsMultilineEditingEnabledProperty Field" Url="html/ac4b43f6-7b99-6f6f-0df1-7166b0c3311b.htm" />
      </HelpTOCNode>
      <HelpTOCNode Id="1c9bfc21-ee3d-4243-b883-055e02b081dd" Title="Tools Attached Properties" Url="html/a3a2dc05-e66a-e050-4657-0293b84acdf4.htm">
        <HelpTOCNode Title="ApplyInitialSorting Attached Property" Url="html/b999f6fa-541e-3b38-fc95-0e544641d941.htm" />
        <HelpTOCNode Title="ForceCommitOnLostFocus Attached Property" Url="html/0b8f8c2a-023f-77ac-897c-8c77cdf25ba9.htm" />
        <HelpTOCNode Title="IsMultilineEditingEnabled Attached Property" Url="html/9ab49717-43ee-4773-d64e-c500a3a07874.htm" />
      </HelpTOCNode>
    </HelpTOCNode>
  </HelpTOCNode>
  <HelpTOCNode Id="62a4f7e3-2c98-44ab-bbda-8f17c9063a67" Title="DataGridExtensions.Behaviors" Url="html/1bd337c0-1e3a-e5af-76c4-b33120ad52ec.htm">
    <HelpTOCNode Id="83cd17cd-2593-470e-bca9-5942bbfe2135" Title="ApplyInitialSortingBehavior Class" Url="html/998367e0-ca85-f048-0327-b3c5dc41aec9.htm">
      <HelpTOCNode Title="ApplyInitialSortingBehavior Constructor " Url="html/bbfb0d7c-0464-53d5-b394-765d5833fe4b.htm" />
    </HelpTOCNode>
    <HelpTOCNode Id="f6dc7d4d-6217-4611-9188-94b6d1fa2291" Title="BeginEditOnCtrlEnterBehavior Class" Url="html/db5064cf-03e9-abc2-8646-1c4f46e18dcf.htm">
      <HelpTOCNode Title="BeginEditOnCtrlEnterBehavior Constructor " Url="html/067e2b53-d51e-0cae-cc7a-bcc0d8a92131.htm" />
    </HelpTOCNode>
    <HelpTOCNode Id="1bfe2943-3f87-4ea6-b65a-df51451aefe2" Title="ClearTextBoxOnButtonClickBehavior Class" Url="html/ed07a7cb-985f-34c2-53e2-67c23be02c06.htm">
      <HelpTOCNode Title="ClearTextBoxOnButtonClickBehavior Constructor " Url="html/b1339a43-a8c8-70b0-7876-ec4c209f3f3d.htm" />
      <HelpTOCNode Id="7dac0235-8e34-4a30-b659-c95267718197" Title="ClearTextBoxOnButtonClickBehavior Properties" Url="html/fa5c1169-afb4-1443-560c-7ee7b226bd2c.htm">
        <HelpTOCNode Title="TextBox Property " Url="html/afb97760-1682-690c-46b1-4d3d24a0214b.htm" />
      </HelpTOCNode>
      <HelpTOCNode Id="697547fa-4328-497b-b46f-5789334b3474" Title="ClearTextBoxOnButtonClickBehavior Fields" Url="html/f5dbe093-59b2-3467-c59e-7feb7700ec1a.htm">
        <HelpTOCNode Title="TextBoxProperty Field" Url="html/cbe8dc52-d083-ff0b-7609-333cc92f70a6.htm" />
      </HelpTOCNode>
    </HelpTOCNode>
    <HelpTOCNode Id="0223a1c3-61d7-4015-bccc-fb3f06182ad0" Title="DisableTargetWhileEditingBehavior Class" Url="html/88cf7ccc-9cc1-b6a9-78ac-2542039e5a8b.htm">
      <HelpTOCNode Title="DisableTargetWhileEditingBehavior Constructor " Url="html/f31cfd92-790f-f495-14ac-9ede291b4398.htm" />
      <HelpTOCNode Id="ac6930b8-25a1-440f-94c6-cf1d7c348113" Title="DisableTargetWhileEditingBehavior Properties" Url="html/58379b40-06df-0015-ed8d-f216ffda9cc9.htm">
        <HelpTOCNode Title="Target Property " Url="html/a3e0b400-dba4-20c6-a0d6-cb4d96bfcc4b.htm" />
      </HelpTOCNode>
      <HelpTOCNode Id="f9253f6b-e3b4-4b26-a709-3a213b7847cb" Title="DisableTargetWhileEditingBehavior Fields" Url="html/7df59490-daf1-9050-b42e-d685a91061cc.htm">
        <HelpTOCNode Title="TargetProperty Field" Url="html/44402ac1-b726-6935-ab8d-7cd4532b97bb.htm" />
      </HelpTOCNode>
    </HelpTOCNode>
    <HelpTOCNode Id="89cfd783-4633-4830-a941-9397cf5ee995" Title="ExtendedStarSizeBehavior Class" Url="html/c17227b8-b8cc-de61-8bb3-517276989a40.htm">
      <HelpTOCNode Title="ExtendedStarSizeBehavior Constructor " Url="html/600d93eb-3580-eec1-44b8-254560d9a77c.htm" />
      <HelpTOCNode Id="128fc2a9-58ff-4dff-9325-12b0de4cb894" Title="ExtendedStarSizeBehavior Properties" Url="html/72fa8833-6118-8808-bf6d-00e426173d3b.htm">
        <HelpTOCNode Title="ColumnHeaderGripperToolTipStyle Property " Url="html/7e3c3ae0-f024-64e5-8eb4-ca1215a59398.htm" />
        <HelpTOCNode Title="ResourceLocator Property " Url="html/750ca8fb-abbf-ab18-66e5-67c61e941120.htm" />
      </HelpTOCNode>
      <HelpTOCNode Id="5a06680f-37c4-40e1-a955-aec4df6a9813" Title="ExtendedStarSizeBehavior Fields" Url="html/503658b5-f8a8-31c3-c99d-9c2488b71e52.htm">
        <HelpTOCNode Title="ColumnHeaderGripperToolTipStyleKey Field" Url="html/e18ba9fd-c551-d37a-0c54-af13cf10312d.htm" />
        <HelpTOCNode Title="ColumnHeaderGripperToolTipStyleProperty Field" Url="html/f4c53f32-e59d-a0f6-1419-1ce568a35cf7.htm" />
        <HelpTOCNode Title="ResourceLocatorProperty Field" Url="html/8c58de49-6239-5393-0b21-9042bb30422a.htm" />
      </HelpTOCNode>
    </HelpTOCNode>
  </HelpTOCNode>
</HelpTOC>
