﻿<?xml version="1.0" encoding="utf-8"?><HelpTOCNode Title="DataGridExtensions" Url="html/5049f02f-0515-9f53-1245-801b61a5c286.htm"><HelpTOCNode Title="ColumnStyles Class" Url="html/e7472edd-c05e-321a-d6e8-80fb088aa7f1.htm" HasChildren="true" /><HelpTOCNode Title="DataGridColumnStyle Class" Url="html/62ffc8d2-78b6-08b9-1632-ac7f76223eb7.htm" HasChildren="true" /><HelpTOCNode Title="DataGridColumnStyleCollection Class" Url="html/980a686f-884a-c495-0566-bfd9f0854719.htm" HasChildren="true" /><HelpTOCNode Title="DataGridFilter Class" Url="html/b4d076b6-863c-0c1c-c72e-c53467111da3.htm" HasChildren="true" /><HelpTOCNode Title="DataGridFilterColumn Class" Url="html/57bf7338-648a-d577-7401-253ef947a595.htm" HasChildren="true" /><HelpTOCNode Title="DataGridFilterColumnControl Class" Url="html/98c600b0-3eb7-d2dc-2466-ae2167c0a00d.htm" HasChildren="true" /><HelpTOCNode Title="DataGridFilterHost Class" Url="html/19edba34-1474-093f-7c2f-bd12b3a4bdaa.htm" HasChildren="true" /><HelpTOCNode Title="DataGridFilteringEventArgs Class" Url="html/3364b130-356e-b7f7-95f3-7049179244bf.htm" HasChildren="true" /><HelpTOCNode Title="ExtensionMethods Class" Url="html/73f80354-26e1-52de-bfac-6db55534b1ac.htm" HasChildren="true" /><HelpTOCNode Title="IContentFilter Interface" Url="html/7b769760-8a08-cfa2-f077-a77ac3565dcb.htm" HasChildren="true" /><HelpTOCNode Title="IContentFilterFactory Interface" Url="html/c20b07aa-5324-22c3-18b8-3a04323c8f57.htm" HasChildren="true" /><HelpTOCNode Title="IDataGridEventsProvider Interface" Url="html/8bd0fdcc-1bbd-d4ad-e88d-568b2f033626.htm" HasChildren="true" /><HelpTOCNode Title="IResourceLocator Interface" Url="html/9cc35121-338c-959a-4e77-e337704fabe4.htm" HasChildren="true" /><HelpTOCNode Title="MultipleChoiceContentFilter Class" Url="html/614ede0c-cdc6-576d-0332-f6d473baff44.htm" HasChildren="true" /><HelpTOCNode Title="MultipleChoiceFilter Class" Url="html/7482dac9-ebcc-6415-2a1c-1fa772dc7d50.htm" HasChildren="true" /><HelpTOCNode Title="RegexContentFilter Class" Url="html/d817b3a5-93fc-fc26-7335-746e2adba7d8.htm" HasChildren="true" /><HelpTOCNode Title="RegexContentFilterFactory Class" Url="html/5aabb85a-4d59-3cb8-d82f-a07bedc1eb6b.htm" HasChildren="true" /><HelpTOCNode Title="SimpleContentFilter Class" Url="html/957f7e42-521f-15a7-eec3-73717ae81cd9.htm" HasChildren="true" /><HelpTOCNode Title="SimpleContentFilterFactory Class" Url="html/247836b4-6684-cfc8-d23c-b79799dd6239.htm" HasChildren="true" /><HelpTOCNode Title="Tools Class" Url="html/90f8ff5d-5eac-1e58-6898-43a71ad12c82.htm" HasChildren="true" /></HelpTOCNode>