﻿<?xml version="1.0" encoding="utf-8"?><HelpTOCNode Title="DataGridFilterColumn Methods" Url="html/cc6f7672-4a80-3efd-d9cb-242e0b7d5cb3.htm"><HelpTOCNode Title="GetActiveFilter Method " Url="html/829640c4-7c10-3a1b-55c1-b89cc8715017.htm" /><HelpTOCNode Title="GetFilter Method " Url="html/1bdea481-13b3-7ab8-aebe-5f7452dbd232.htm" /><HelpTOCNode Title="GetFilterHost Method " Url="html/5b9662ed-124c-9c81-ffaf-9cc4c25db850.htm" /><HelpTOCNode Title="GetIsFilterVisible Method " Url="html/d018745f-7a02-cf1c-1f04-7b17c388389a.htm" /><HelpTOCNode Title="GetTemplate Method " Url="html/09af8baa-f4e2-64e0-0af9-6f126ce4b74b.htm" /><HelpTOCNode Title="SetActiveFilter Method " Url="html/b7bc7869-b5c5-304b-1d81-6af1c9fc862e.htm" /><HelpTOCNode Title="SetFilter Method " Url="html/6eede526-83c6-5228-ce24-afd98dcb7ab1.htm" /><HelpTOCNode Title="SetFilterHost Method " Url="html/f2dc635c-a215-ec60-7184-70ea13ed84e9.htm" /><HelpTOCNode Title="SetIsFilterVisible Method " Url="html/db50d7f3-e2b3-f82d-d46f-46e43f29e6c2.htm" /><HelpTOCNode Title="SetTemplate Method " Url="html/b113246f-a783-f368-6045-afbab73e7b33.htm" /></HelpTOCNode>