﻿<?xml version="1.0" encoding="utf-8"?><HelpTOCNode Title="DataGridFilter Methods" Url="html/e013db0f-3874-6ad6-3501-ce9e5d530edd.htm"><HelpTOCNode Title="GetContentFilterFactory Method " Url="html/e2018725-c07b-f5aa-1656-8296825167f8.htm" /><HelpTOCNode Title="GetFilter Method " Url="html/d4b0b40f-2e77-7159-7e82-6c4384086d3f.htm" /><HelpTOCNode Title="GetFilterEvaluationDelay Method " Url="html/01ca3407-8592-6dc7-a39a-fe066cd0b596.htm" /><HelpTOCNode Title="GetGlobalFilter Method " Url="html/928b9fef-074f-496a-cd4f-82c1793feecd.htm" /><HelpTOCNode Title="GetIsAutoFilterEnabled Method " Url="html/bc24b420-28f0-9a5c-ccf9-601329e57a94.htm" /><HelpTOCNode Title="GetResourceLocator Method " Url="html/5cc36221-6dfc-32c4-a565-7a31acab8b2e.htm" /><HelpTOCNode Title="SetContentFilterFactory Method " Url="html/207c2569-cce2-76c0-fe66-f16acc22c60b.htm" /><HelpTOCNode Title="SetFilterEvaluationDelay Method " Url="html/f1ac0794-81b8-d925-51bf-14ae4e2269a6.htm" /><HelpTOCNode Title="SetGlobalFilter Method " Url="html/6cd8f155-e19b-c9c3-2712-3719ee480667.htm" /><HelpTOCNode Title="SetIsAutoFilterEnabled Method " Url="html/4ecb5e81-b4b2-90fa-eedd-fc9c4e74e59c.htm" /><HelpTOCNode Title="SetResourceLocator Method " Url="html/1e87e5de-437f-82ee-cbc4-06245369565b.htm" /></HelpTOCNode>