﻿<?xml version="1.0" encoding="utf-8"?><HelpTOCNode Title="DataGridFilter Fields" Url="html/f09e7afd-a475-52ad-aa43-0bb6a9077f76.htm"><HelpTOCNode Title="CheckBoxColumnFilterTemplateKey Field" Url="html/e37cc920-2d5c-7c1e-b2da-35ea57478b7e.htm" /><HelpTOCNode Title="ColumnHeaderSearchCheckBoxStyleKey Field" Url="html/527fafbd-cc14-ff7c-2a23-e60d40108f16.htm" /><HelpTOCNode Title="ColumnHeaderSearchTextBoxClearButtonStyleKey Field" Url="html/a2afa69b-863e-e3af-2c96-321b7980b918.htm" /><HelpTOCNode Title="ColumnHeaderSearchTextBoxStyleKey Field" Url="html/ba9a2acc-33e9-ca5c-1f18-48cdf6d8b642.htm" /><HelpTOCNode Title="ColumnHeaderTemplateKey Field" Url="html/64168e10-f0d1-5e1c-ff02-7034530facbf.htm" /><HelpTOCNode Title="ComboBoxColumnFilterTemplateKey Field" Url="html/80153573-4008-c18d-f1c2-ea2dd187ac91.htm" /><HelpTOCNode Title="ContentFilterFactoryProperty Field" Url="html/4246955c-0994-628b-2ef4-03791cde2523.htm" /><HelpTOCNode Title="FilterEvaluationDelayProperty Field" Url="html/c824447e-75cd-3996-f2b3-8ab0e6187f69.htm" /><HelpTOCNode Title="GlobalFilterProperty Field" Url="html/9d34b670-d87e-6803-0054-d6624a9b3194.htm" /><HelpTOCNode Title="IconStyleKey Field" Url="html/8e71cb1f-dc75-107f-fb4c-8069953c11c8.htm" /><HelpTOCNode Title="IconTemplateKey Field" Url="html/3b79322d-3840-a9b7-676c-0f36ce9136f5.htm" /><HelpTOCNode Title="IsAutoFilterEnabledProperty Field" Url="html/cd8e4316-5511-f112-59d4-f95e0d2d9c65.htm" /><HelpTOCNode Title="ResourceLocatorProperty Field" Url="html/6ef28b1f-aae9-a9c7-6f79-59e4dcc012f3.htm" /><HelpTOCNode Title="TemplateColumnFilterTemplateKey Field" Url="html/a51a3198-7d56-fc5d-c8e8-01ab820d355c.htm" /><HelpTOCNode Title="TextColumnFilterTemplateKey Field" Url="html/09bf1b9e-92dd-39e3-1d52-14b0fdaa3c3b.htm" /></HelpTOCNode>